Application Name,Order Number,Main Page,Accessible,Social,HMD,Origin,Store,Main Page,Price,Number of Reviews,focus,count,Rating,Summary,Multiplayer,HMD Support,Origin,Order number,Store,Store Link,Main Focus,Online Count,Download Count,#Player in the Most Popular Room,Platform Type,Platform availability,Room creation,Room creation detailed,Official Creator Documentation Main Page,Official First Step Guide,Unofficial Tutorials,Creator Description,Main Page Web Metric,Monthly Active Users,Events,Scholar Articles
ENGAGE,1,https://www.meta.com/en-gb/experiences/engage/3092079454190601/,Yes,Yes,,quest_query_data_social,Quest,https://www.meta.com/en-gb/experiences/engage/3092079454190601/,0,140,,,72,"ENGAGE is a business-focused spatial computing platform
Designed for corporations, professionals, education organizations, and event organizers.

It is used for remote training, collaboration, events, and marketing and enables our clients to directly engage with employees, customers, and suppliers in virtual locations and digital twins.

ENGAGE clients include companies across many different business verticals, including KPMG, Pfizer, 3M, Stanford University, Lenovo, HSBC, KIA, and many more.",,,,,,,,,,,,,,,,,,,,,,
Roblox,2,https://www.meta.com/en-gb/experiences/roblox/5804350719675181/,Yes,Yes,,quest_query_data_social,Quest,https://www.meta.com/en-gb/experiences/roblox/5804350719675181/,0,7029,,,76,"Roblox lets you explore and share experiences with friends. With over 66 million daily active users and a huge variety of 3D immersive experiences created by a global community, there&#x2019;s always something new to discover.",,,,,,,,,,,,,,,,,,,,,,
MeetinVR,3,https://www.meta.com/en-gb/experiences/meetinvr/1760132027421053/,Yes,Yes,,quest_query_data_social,Quest,https://www.meta.com/en-gb/experiences/meetinvr/1760132027421053/,0,86,,,70,"MeetinVR enables best-in-class metaverse meetings and collaboration. 

Whether you want to meet with your team or with your customers, MeetinVR provides the ideal platform for workshops, training, and education.",,,,,,,,,,,,,,,,,,,,,,
Half + Half,4,https://www.meta.com/en-gb/experiences/half-half/2035353573194060/,Yes,Yes,,quest_query_data_social,Quest,https://www.meta.com/en-gb/experiences/half-half/2035353573194060/,0,886,,,78,"Half + Half is a multiplayer game about fun &amp; connection. Glide or Swim through open-ended spaces. Play human tetris with friends, or Hide &amp; Seek where you&#x2019;re two inches tall.",,,,,,,,,,,,,,,,,,,,,,
Cube Runners,5,https://www.meta.com/en-gb/experiences/cube-runners/8390456747663346/,Yes,Yes,,quest_query_data_social,Quest,https://www.meta.com/en-gb/experiences/cube-runners/8390456747663346/,0,2106,,,82,Cube Runners A Fun Multiplayer Game.,,,,,,,,,,,,,,,,,,,,,,
Wolvic,6,https://www.meta.com/en-gb/experiences/wolvic/5917120145021341/,Yes,No,,quest_query_data_social,Quest,https://www.meta.com/en-gb/experiences/wolvic/5917120145021341/,0,195,,,72,"Wolvic is a secure, open source, and accessible web browser that brings all of the web&#x2019;s vast information and applications to the world of XR, and enables rich immersive WebXR experiences on the web itself. With interfaces and interaction support designed for immersive headsets, Wolvic brings you the best of both the web and XR.",,,,,,,,,,,,,,,,,,,,,,
GRAB,7,https://www.meta.com/en-gb/experiences/grab/4104088956355944/,Yes,Yes,,quest_query_data_social,Quest,https://www.meta.com/en-gb/experiences/grab/4104088956355944/,0,10615,,,98,"Experience the thrill of VR platforming in GRAB, where you can parkour through user-created levels with friends and build your own.",,,,,,,,,,,,,,,,,,,,,,
Aim XR,8,https://www.meta.com/en-gb/experiences/aim-xr/4245506092131005/,Yes,No,,quest_query_data_social,Quest,https://www.meta.com/en-gb/experiences/aim-xr/4245506092131005/,0,1259,,,86,"Fast-paced multiplayer, run-and-gun shooter. 6v6 players",,,,,,,,,,,,,,,,,,,,,,
BIG BALLERS VR,9,https://www.meta.com/en-gb/experiences/big-ballers-vr/3947713001963656/,Yes,No,,quest_query_data_social,Quest,https://www.meta.com/en-gb/experiences/big-ballers-vr/3947713001963656/,0,15198,,,96,"&#x1f410; BECOME THE G.O.A.T &#x1f410; 

Rank up in the fastest growing VR sports game, BIG BALLERS VR. Play with up to 12 players and perform crazy windmill contact dunks in basketball, slug dingers in baseball, and clutch it with game-winning touchdown catches. Try our MR Fitness mode too.  

&#x1f3c8; EASY TO LEARN &#x2013; HARD TO MASTER &#x26be;&#xfe0f;&#x1f3c0;&#x1f3d0;

Our world-class physics engine gives you realistic natural gameplay while being easy to grasp yet challenging to master.

&#x1f624; WILL YOU RISE TO THE CHALLENGE &#x1f624;

Play free now!",,,,,,,,,,,,,,,,,,,,,,
VRChat,10,https://www.meta.com/en-gb/experiences/vrchat/1856672347794301/,Yes,Yes,,quest_query_data_social,Quest,https://www.meta.com/en-gb/experiences/vrchat/1856672347794301/,0,27507,,,74,Make Friends and Explore an Endless Stream of Community Made Worlds and Avatars,,,,,,,,,,,,,,,,,,,,,,
Gods of Gravity,11,https://www.meta.com/en-gb/experiences/gods-of-gravity/3919415921458774/,Yes,No,,quest_query_data_social,Quest,https://www.meta.com/en-gb/experiences/gods-of-gravity/3919415921458774/,0,2026,,,88,"Gods of Gravity is a social, arcade-style RTS game where you compete in an epic showdown of celestial gods. Scoop up ships and fling them to capture a nearby planet, or open wormholes to teleport them across the solar system. Hold planets and moons to boost your production. Mine asteroids for the powerful resources within. And if you dare, capture the sun for the ultimate buff. Then send a massive fleet to conquer your enemy&#x2019;s home planet. Last god standing wins.",,,,,,,,,,,,,,,,,,,,,,
ZuseRunners,12,https://www.meta.com/en-gb/experiences/zuserunners/6289885221105652/,Yes,Yes,,quest_query_data_social,Quest,https://www.meta.com/en-gb/experiences/zuserunners/6289885221105652/,0,409,,,82,(ZuseRunners) is a fun Multiplayer Game To Play With New People And Make New Friends,,,,,,,,,,,,,,,,,,,,,,
Flipside,13,https://www.meta.com/en-gb/experiences/flipside/2305425142915253/,Yes,Yes,,quest_query_data_social,Quest,https://www.meta.com/en-gb/experiences/flipside/2305425142915253/,0,108,,,78,"Flipside is the metaverse social media platform for next-gen creators and their fans.

Watch a steady stream of spatial content, which you can like, subscribe, share, and even remix. Connect with friends over multiplayer and watch together!

Next-gen creators make spatial recordings using Flipside&#x2019;s built-in virtual TV studio, then share them to your channel and build a fanbase of subscribers.

Download Flipside today!",,,,,,,,,,,,,,,,,,,,,,
No More Rainbows,14,https://www.meta.com/en-gb/experiences/no-more-rainbows/5446476285387663/,Yes,No,,quest_query_data_social,Quest,https://www.meta.com/en-gb/experiences/no-more-rainbows/5446476285387663/,19.99,5865,,,96,"No More Rainbows bringt den Spa&#xdf; eines klassischen Plattformspiels in die VR. Nutzen Sie intuitive Fortbewegungsmechaniken, um nur mit Ihren H&#xe4;nden zu rennen, zu springen und zu klettern.

SIE SIND DAS BIEST! Toben Sie durch farbenfrohe Welten, um Ihre entweihte Unterwelt zur&#xfc;ckzuerobern. Erweitern Sie Ihr Erlebnis im Deathmatch-Modus oder erklimmen Sie den Sieg im Chicken Catch - Es ist ein Kampf ohne Regeln!",,,,,,,,,,,,,,,,,,,,,,
Innerworld,15,https://www.meta.com/en-gb/experiences/innerworld/5406767536033508/,Yes,No,,quest_query_data_social,Quest,https://www.meta.com/en-gb/experiences/innerworld/5406767536033508/,0,486,,,86,"Welcome to Innerworld: a virtual world where you can learn evidence-based mental health tools and receive support in a place where you can feel safe being yourself. Start your mental health journey today.
 
Work through life&#x2019;s biggest challenges with guides certified in Cognitive Behavioral Immersion: a transformative approach to mental health support. 

Let&#x2019;s find our way together.

Innerworld is currently for people who are able to speak English.",,,,,,,,,,,,,,,,,,,,,,
Horror,16,https://www.meta.com/en-gb/experiences/horror/6904307006303740/,Yes,No,,quest_query_data_social,Quest,https://www.meta.com/en-gb/experiences/horror/6904307006303740/,0,116,,,86,"&#x1f47b;Treten Sie Discord bei: https://discord.com/invite/UpFwwnV6PZ, um KOSTENLOSE SCHL&#xdc;SSEL f&#xfc;r das VOLLST&#xc4;NDIGE SPIEL zu gewinnen!&#x1f47b;

Ein VR-Horror- und R&#xe4;tselspiel, das Echtzeit-Voice-Chat und Online-Spiel f&#xfc;r zwei Spieler unterst&#xfc;tzt. Lass uns gemeinsam dieses mysteri&#xf6;se Einkaufszentrum betreten, die Geheimnisse aufdecken, die Wahrheit erforschen und die Angst und Aufregung des Unbekannten erleben. Z&#xf6;gern Sie nicht, sich mit uns auf eine wahre Reise des Grauens zu begeben!",,,,,,,,,,,,,,,,,,,,,,
SHOOTOUT,17,https://www.meta.com/en-gb/experiences/shootout/5555992527808989/,Yes,No,,quest_query_data_social,Quest,https://www.meta.com/en-gb/experiences/shootout/5555992527808989/,0,736,,,82,"SHOOTOUT is a free to play multiplayer shooter where you get to build your own weapons and abilities!

Explore the depth that this game has to offer and strategize in a PvE arena and then jump into 3v3 PvP Game Modes to battle it out with other players. 

Started off a match wanting to be a support but midway realize that you want to change your playstyle? You would have 19 parts to combine freely that make up over 1000 combinations!",,,,,,,,,,,,,,,,,,,,,,
PokerVR - Pure simple Poker,18,https://www.meta.com/en-gb/experiences/pokervr-pure-simple-poker/2257223740990488/,Yes,No,,quest_query_data_social,Quest,https://www.meta.com/en-gb/experiences/pokervr-pure-simple-poker/2257223740990488/,0,7683,,,86,"Play poker like a pro, Poker VR features multi table tournaments and cash games. Play solo or take part in team events where every weekend 4 teams compete against each other for a different objective. 

Unwind after a long day and play poker for poker; relax and meet 1000s of people from all around the world that join in for the passion of this game.",,,,,,,,,,,,,,,,,,,,,,
Remio,19,https://www.meta.com/en-gb/experiences/remio/5120897861344596/,Yes,Yes,,quest_query_data_social,Quest,https://www.meta.com/en-gb/experiences/remio/5120897861344596/,0,3517,,,94,"Play lots of free games!

Complete Obstacles and Puzzle Races!

Make epic YouTube content!

Role play!

Be birds or spiders!

Live in cities and build houses!

Join our Discord: https://discord.com/invite/YrZwpCANQN",,,,,,,,,,,,,,,,,,,,,,
Retreat,20,https://www.meta.com/en-gb/experiences/retreat/6514531415240007/,Yes,No,,quest_query_data_social,Quest,https://www.meta.com/en-gb/experiences/retreat/6514531415240007/,0,55,,,62,"Ready to level up your skills, have fun, and meet new people? You don&#039;t want to miss this amazing opportunity! Think of it like an adult summer camp - with courses from top experts in Art &amp; Creativity, Career &amp; Entrepreneurship, Financial Well-Being to Holistic Wellness. Get exclusive access and ask questions directly from world renowned instructors who are sharing decades worth of their expertise through immersive experiences. Upgrade your real world Avatar, that is you!",,,,,,,,,,,,,,,,,,,,,,
First Touch for Meta Quest Touch Pro controllers,21,https://www.meta.com/en-gb/experiences/first-touch-for-meta-quest-touch-pro-controllers/5808929989145615/,Yes,No,,quest_query_data_social,Quest,https://www.meta.com/en-gb/experiences/first-touch-for-meta-quest-touch-pro-controllers/5808929989145615/,0,85,,,82,"Grab your Meta Quest Touch Pro controllers and learn how they can improve your experience with this short tutorial. Enter your studio and enjoy the simple pleasure of painting in a nice, relaxing environment.",,,,,,,,,,,,,,,,,,,,,,
Zoe,22,https://www.meta.com/en-gb/experiences/zoe/5464660053555314/,Yes,Yes,,quest_query_data_social,Quest,https://www.meta.com/en-gb/experiences/zoe/5464660053555314/,0,102,,,72,"For ages 13 and up

Zoe enables the rapid creation of interactive 3D scenes through a no-code interface and automation. Invite your friends, students, colleagues and clients to collaborate, learn and create together in real-time. 
What can I create with Zoe?
Zoe has been used to host immersive workshops, virtual classrooms, project-based-learning activities, meetups, events, interactive art, marketing campaigns, and even mini-games for therapy.",,,,,,,,,,,,,,,,,,,,,,
Yeeps: Hide and Seek,23,https://www.meta.com/en-gb/experiences/yeeps-hide-and-seek/7276525889052788/,Yes,Yes,,quest_query_data_social,Quest,https://www.meta.com/en-gb/experiences/yeeps-hide-and-seek/7276525889052788/,0,53273,,,98,"Yeeps: Hide and Seek takes the best movement VR has to offer and builds on it, literally! Your belly is full of stuffing used to craft anything from pillows for building to bombs for destruction. Pull items from your vast imagination and toss them into the world. The game&#x2019;s intuitive block-based building makes it easy to express your creativity at any skill level.",,,,,,,,,,,,,,,,,,,,,,
Instagram (Beta),24,https://www.meta.com/en-gb/experiences/instagram-beta/6102857836422862/,Yes,No,,quest_query_data_social,Quest,https://www.meta.com/en-gb/experiences/instagram-beta/6102857836422862/,0,254,,,56,"Bringing you closer to the people and things you love. &#x2014; Instagram from Facebook

Connect with friends, share what you&#x2019;re up to, or see what&#039;s new from others all over the world. Explore our community where you can feel free to be yourself and share everything from your daily moments to life&#039;s highlights.",,,,,,,,,,,,,,,,,,,,,,
Immerse - Language Learning,25,https://www.meta.com/en-gb/experiences/immerse-language-learning/3181432891940455/,Yes,No,,quest_query_data_social,Quest,https://www.meta.com/en-gb/experiences/immerse-language-learning/3181432891940455/,0,532,,,84,"&#x1f525; Don&#039;t just study Spanish, French, or English &#x2014; learn how to SPEAK it fluently with coworkers, friends, and family!

&#x2764;&#xfe0f; Immerse is the fastest growing immersive language learning platform trusted by thousands of members around the world!

&#x1f4aa; Get unlimited access to live group classes and AI-powered conversation practice for a fraction of the cost of online tutoring or traveling abroad.

&#x1f911; Subscriptions start as low as $25/mo. Must be 18 or older. 

&#x1f973; Start your 14 day free trial today!",,,,,,,,,,,,,,,,,,,,,,
Facebook (Beta),26,https://www.meta.com/en-gb/experiences/facebook-beta/6126469507395223/,Yes,No,,quest_query_data_social,Quest,https://www.meta.com/en-gb/experiences/facebook-beta/6126469507395223/,0,138,,,52,"The Facebook app helps you connect with friends, family and communities of people who share your interests. Connecting with your friends and family, as well as discovering new ones, is easy with features such as Groups, Watch and Marketplace.",,,,,,,,,,,,,,,,,,,,,,
Derby,27,https://www.meta.com/en-gb/experiences/derby/5981971501867491/,Yes,Yes,,quest_query_data_social,Quest,https://www.meta.com/en-gb/experiences/derby/5981971501867491/,0,454,,,84,"Derby is the best place to meet friends, play ball, and make fun videos.

Enter a social virtual park, unleash your swing and throw heat!

Casually compete with friends in a 1v1, or become a champ on the leaderboards.

Earn Peanuts to spend in the Snack Shack on a rotating selection of swag. 

Become a member to earn exclusive rewards, and craft your own private park to host insane fan lobbies with friends.

Hit dingers, become a star, and change the game! It&#x2019;s all possible in Derby.",,,,,,,,,,,,,,,,,,,,,,
Death Game Hotel,28,https://www.meta.com/en-gb/experiences/death-game-hotel/7371422382882960/,Yes,No,,quest_query_data_social,Quest,https://www.meta.com/en-gb/experiences/death-game-hotel/7371422382882960/,19.99,38,,,92,"Death Game Hotel: A Battle for Life Begins Here!
Dive into the uncharted thrill and strategy with SWERY&#039;s indie studio White Owls&#039; latest creation. This VR online multiplayer tabletop game pits your life in a death game gamble.
Single or multiplayer, your choice dictates your fate. Master unique game modes and use cunning cheats to win.
Experience the realism VR brings, enjoying exhilarating times with friends or players worldwide. #DeathGame #SWERYNewRelease #VRGame",,,,,,,,,,,,,,,,,,,,,,
Multiverse,29,https://www.meta.com/en-gb/experiences/multiverse/1976071352472244/,Yes,No,,quest_query_data_social,Quest,https://www.meta.com/en-gb/experiences/multiverse/1976071352472244/,0,1001,,,70,"Multiverse &#x2013; das Metaversum F&#xfc;r die Menschen, Von den Menschen.",,,,,,,,,,,,,,,,,,,,,,
Pillow,30,https://www.meta.com/en-gb/experiences/pillow/5655932521164368/,Yes,No,,quest_query_data_social,Quest,https://www.meta.com/en-gb/experiences/pillow/5655932521164368/,9.99,285,,,82,"Discover an entirely new way to use your headset with Pillow, the ONLY immersive app designed to be used lying down!

Relax in bed in mixed reality as you experience four amazing interactive dreams, all playable in singleplayer or 2-player co-op! Wind down with short immersive mixed reality dreams designed to bring tranquility to your routine.",,,,,,,,,,,,,,,,,,,,,,
Rec Room,31,https://www.meta.com/en-gb/experiences/rec-room/2173678582678296/,Yes,Yes,,quest_query_data_social,Quest,https://www.meta.com/en-gb/experiences/rec-room/2173678582678296/,0,32073,,,84,"Rec Room ist der beste Ort, um gemeinsam zu bauen und Spiele zu spielen. Triff dich mit Freunden aus der ganzen Welt, um zu chatten, abzuh&#xe4;ngen, MILLIONEN von Spielern erstellte R&#xe4;ume zu erkunden oder etwas Neues und Erstaunliches zu bauen, um es mit uns allen zu teilen
Rec Room ist kostenlos und l&#xe4;sst sich &#xfc;bergreifend auf allen Ger&#xe4;ten spielen, vom Handy bis zum VR-Headset. Es ist die soziale App, die man wie ein Videospiel spielt!",,,,,,,,,,,,,,,,,,,,,,
APES,32,https://www.meta.com/en-gb/experiences/apes/5770576536320136/,Yes,No,,quest_query_data_social,Quest,https://www.meta.com/en-gb/experiences/apes/5770576536320136/,0,452,,,82,"Run around as a super goofy ape with friends (if you have any.) or strangers!
From a Gleaming Cave to a Tropical Getaway, so much is in store for you in APES.",,,,,,,,,,,,,,,,,,,,,,
Spatial,33,https://www.meta.com/en-gb/experiences/spatial/2927141310670477/,Yes,Yes,,quest_query_data_social,Quest,https://www.meta.com/en-gb/experiences/spatial/2927141310670477/,0,557,,,72,"Join millions worldwide to explore 3D virtual worlds, customize your identity, and collaborate with friends. With stunning graphics and live voice and text chat, Spatial is the perfect platform to unlock your imagination! Explore endless immersive worlds, customize your avatar, connect with millions of creators, and build your own worlds with no coding or fees. Your World Awaits!

Linkin.bio/spatial_io
https://support.spatial.io/hc/en-us
https://www.spatial.io/terms
https://www.spatial.io/guide",,,,,,,,,,,,,,,,,,,,,,
Swarm,34,https://www.meta.com/en-gb/experiences/swarm/2236053486488156/,Yes,No,,quest_query_data_social,Quest,https://www.meta.com/en-gb/experiences/swarm/2236053486488156/,24.99,2813,,,96,"&#x201e;SPIDER-MAN MIT KNARREN &#x2013; daf&#xfc;r wurde VR gemacht!&#x201c;

&#x201e;SWARM&#x201c; ist ein rasanter Wurfhaken-Shooter im Arcade-Stil mit schnellen Sessions, farbenfrohen Welten und global umk&#xe4;mpften Bestenlisten, der dich zur&#xfc;ck in die glorreichen Tage der Arcade-Spiele f&#xfc;hrt.",,,,,,,,,,,,,,,,,,,,,,
MultiBrush,35,https://www.meta.com/en-gb/experiences/multibrush/3438333449611263/,Yes,No,,quest_query_data_social,Quest,https://www.meta.com/en-gb/experiences/multibrush/3438333449611263/,19.99,133,,,84,"Multiplayer meets Tilt Brush!
Enjoy creating in VR, now with friends.",,,,,,,,,,,,,,,,,,,,,,
Monkey Doo,36,https://www.meta.com/en-gb/experiences/monkey-doo/5635852399856124/,Yes,No,,quest_query_data_social,Quest,https://www.meta.com/en-gb/experiences/monkey-doo/5635852399856124/,0,7236,,,92,"&#x1f412;&#x1faf5;Fan Made Update!

Live in the heart of the Bermuda Triangle with all your Monkey friends! Swing on vines, throw doo at your enemies, and climb everything! 

- Huge Maps: Explore the Bermuda Jungle, Floating Forests, Ancient Ruins, Lava Chasm, and more

- Unique Gamemodes: Be the first to collect 10 bananas or work together to fend off hordes of crocs -- new modes are coming all the time

- Monkey Apparel: Customize your body color, equip face &amp; head cosmetics, and stylize your doo",,,,,,,,,,,,,,,,,,,,,,
Villa: AI Creation & Collaboration,37,https://www.meta.com/en-gb/experiences/villa-ai-creation-collaboration/4784171281624823/,Yes,Yes,,quest_query_data_social,Quest,https://www.meta.com/en-gb/experiences/villa-ai-creation-collaboration/4784171281624823/,0,2280,,,74,"Fly, explore, create and host realistic worlds, exhibits, and workspaces, each to thousands of simultaneous users. No code required! Unlimited fullbody (with legs) avatars. Games, Exhibits, happy hours, socials, standups, meetups, offsites, client meetings, conferences on the beach, vineyard, or your own DIY virtual world. &#039;Like Westworld in 3D&#039;. For creators, gamers, engineers, PMs, execs, students, who&#039;ve had it with 2D, love 3D, and appreciate collaboration in immersion.",,,,,,,,,,,,,,,,,,,,,,
Sky Climb,38,https://www.meta.com/en-gb/experiences/sky-climb/6439300372853604/,Yes,No,,quest_query_data_social,Quest,https://www.meta.com/en-gb/experiences/sky-climb/6439300372853604/,14.99,191,,,90,"&#x1f325;&#xfe0f; Soar through the skies like never before and restore balance to the universe with Sky Climb!&#x1f4ab; 

This first-person adventure brings classic platforming to VR, featuring an intuitive arm-based locomotion mechanism that allows you to fling yourself from one cube to another in low gravity.

&#x1f7ea;  SINGLE PLAYER CAMPAIGN with 74 levels and bosses

&#x1f7ea;  MULTIPLAYER CHAMPIONSHIP online mode

&#x1f7ea;  CHARACTER CUSTOMIZATIONS

&#x1f7ea;  BUILDER MODE available in Mixed Reality",,,,,,,,,,,,,,,,,,,,,,
Catan VR,39,https://www.meta.com/en-gb/experiences/catan-vr/3882524545155280/,Yes,No,,quest_query_data_social,Quest,https://www.meta.com/en-gb/experiences/catan-vr/3882524545155280/,14.99,482,,,78,"NOW ON QUEST &amp; QUEST 2! Catan VR is an immersive take on Klaus Teuber&#x2019;s landmark title that revolutionized modern board gaming. Trade, Build and Settle on Oculus Rift, Oculus Go and Oculus Quest.",,,,,,,,,,,,,,,,,,,,,,
Pickleball One,40,https://www.meta.com/en-gb/experiences/pickleball-one/5276176159145627/,Yes,No,,quest_query_data_social,Quest,https://www.meta.com/en-gb/experiences/pickleball-one/5276176159145627/,29.99,181,,,82,"Dive into America&#039;s fastest-growing sport while making new friends with Pickleball One. Perfect for both newcomers and experienced players, our user-friendly interface allows you to master pickleball solo or join others. Whether you&#039;re learning the basics or diving deep into the game, Pickleball One has something for everyone. Experience the ultimate social sports and fitness platform, complete with in-depth fitness and training modules, immersive wall drills, practice sessions, and workouts.",,,,,,,,,,,,,,,,,,,,,,
GYM CLASS - BASKETBALL VR,41,https://www.meta.com/en-gb/experiences/gym-class-basketball-vr/3661420607275144/,Yes,No,,quest_query_data_social,Quest,https://www.meta.com/en-gb/experiences/gym-class-basketball-vr/3661420607275144/,0,58382,,,98,"&#x1f3c0;&#x1f3c8;&#x26be; GYM CLASS is the top VR basketball &amp; sports game. Experience NBA licensed team courts with full-court games, social worlds for pickup games with friends, and football &amp; baseball stadiums. Rated best on Quest, GC delivers top-notch simulation physics, environments, gameplay, avatars, and cosmetics. Tag your opponents in a fast-paced match, or play rec games - GC is where ballers unite.",,,,,,,,,,,,,,,,,,,,,,
Eleven Table Tennis,42,https://www.meta.com/en-gb/experiences/eleven-table-tennis/1995434190525828/,Yes,No,,quest_query_data_social,Quest,https://www.meta.com/en-gb/experiences/eleven-table-tennis/1995434190525828/,29.99,10179,,,92,"The ultimate Table Tennis simulator. Play opponents in online multiplayer or practice against the advanced AI. With physics designed to be as real as ever achieved in a Table Tennis simulator, you will forget you are in VR.",,,,,,,,,,,,,,,,,,,,,,
Gorilla Tag,43,https://www.meta.com/en-gb/experiences/gorilla-tag/4979055762136823/,Yes,No,,quest_query_data_social,Quest,https://www.meta.com/en-gb/experiences/gorilla-tag/4979055762136823/,0,125441,,,92,"Run, jump, and climb using only your hands. Play with friends in a virtual gorilla world through six different environments - Forest, Canyons, Caves, Mountain, City, and Clouds.

Hang out in Casual mode or play a game of Tag, Hunt, Team Paintball, or make it up as you go.  Meet and learn from new monkes or create private rooms for friends-only lobbies.

Express yourself with flair.  A rotating inventory of Cosmetic items are available at the shop in the City.

Reject Humanity.

Move like Monke.",,,,,,,,,,,,,,,,,,,,,,
Vegas Infinite,44,https://www.meta.com/en-gb/experiences/vegas-infinite/2370815932930055/,Yes,No,,quest_query_data_social,Quest,https://www.meta.com/en-gb/experiences/vegas-infinite/2370815932930055/,0,28061,,,78,"Vegas Infinite, formerly PokerStars VR, is a world of entertainment with no limits. Hang out with friends and play poker, blackjack, roulette, slots, and craps for free in stunning environments with realistic chip and card movements, and an endless supply of interactive props and apparel.

Vegas Infinite is not a gambling site and does not present an opportunity to win real money. 18+ only. Please play responsibly.",,,,,,,,,,,,,,,,,,,,,,
Alcove,45,https://www.meta.com/en-gb/experiences/alcove/3895528293794893/,Yes,Yes,,quest_query_data_social,Quest,https://www.meta.com/en-gb/experiences/alcove/3895528293794893/,0,485,,,74,"A portal to new worlds, a virtual home filled with endless experiences to discover and explore, a place to connect with friends and family. World travel, casual games, media customization, adventure, and relaxation.",,,,,,,,,,,,,,,,,,,,,,
Blacktop Hoops,46,https://www.meta.com/en-gb/experiences/blacktop-hoops/4416817901687071/,Yes,No,,quest_query_data_social,Quest,https://www.meta.com/en-gb/experiences/blacktop-hoops/4416817901687071/,29.99,19831,,,98,"Blacktop Hoops is the ultimate VR basketball game and sports experience. Embark on a hoops journey in career mode, ball against bots, hang out with friends in online courts, or climb the rankings in competitive pickup games. Design your perfect avatar with millions of unique combinations. Go wild with crazy modifiers like slow-mo, big head, and mega jump. Do you have what it takes to become the GOAT? &#x1f410;",,,,,,,,,,,,,,,,,,,,,,
vTime XR,47,https://www.meta.com/en-gb/experiences/vtime-xr/1961984627245151/,Yes,Yes,,quest_query_data_social,Quest,https://www.meta.com/en-gb/experiences/vtime-xr/1961984627245151/,0,147,,,70,"Meet, chat, watch content, and share your photos with real people from around the globe in vTime XR - the world&#039;s first cross-reality (XR) social network
 
Socialize with friends from anywhere in the world, inside stunning virtual destinations or your own 360 photos
  
&#x2022; Chat in amazing destinations 
&#x2022; Watch incredible content in Theaters 
&#x2022; Share photos and 360 images
&#x2022; Millions of customization combinations
&#x2022; DM friends with vText",,,,,,,,,,,,,,,,,,,,,,
Cook-Out,48,https://www.meta.com/en-gb/experiences/cook-out/2004774962957063/,Yes,No,,quest_query_data_social,Quest,https://www.meta.com/en-gb/experiences/cook-out/2004774962957063/,15.99,1167,,,90,"Bindet die Sch&#xfc;rzen um &#x2026; Gleich wird&#039;s chaotisch!

Bei Cook-Out: Das Sandwich-M&#xe4;rchen arbeiten die Spieler des Mehrspieler-VR-Spiels von Resolution Games zusammen, um sich ihren Weg durch ein verr&#xfc;cktes und skurriles Abenteuer zu bahnen, die Kunden zufriedenzustellen, und in immer hektischeren Levels vorw&#xe4;rtszukommen. Aber bestellt es nur, wenn ihr es auch essen k&#xf6;nnt, denn diese Kunden haben gepfefferte W&#xfc;nsche.",,,,,,,,,,,,,,,,,,,,,,
Among Us VR,49,https://www.meta.com/en-gb/experiences/among-us-vr/4948428055244413/,Yes,No,,quest_query_data_social,Quest,https://www.meta.com/en-gb/experiences/among-us-vr/4948428055244413/,9.99,6428,,,76,"L&#xe4;utet den Alarm! Jetzt ist es nicht mehr blo&#xdf; eine Frage von Crewmitgliedern gegen Hochstapler. Jetzt hei&#xdf;t es Bohnen gegen die Umgebung!

Among Us VR ist ein Partyspiel zum Thema Teamwork und Verrat. Schnapp dir deine Crew und dein Headset und st&#xfc;rz dich in die VR-Version des erfolgreichen Spiels. Spiele mit 4-10 Spielern und erledigt Aufgaben, um euer Schiff zusammenzuhalten. Aber Achtung! Ein oder mehrere zuf&#xe4;llige Spieler sind Hochstapler, die alle sabotieren und t&#xf6;ten wollen.",,,,,,,,,,,,,,,,,,,,,,
TOTALLY BASEBALL,50,https://www.meta.com/en-gb/experiences/totally-baseball/3256881337690839/,Yes,No,,quest_query_data_social,Quest,https://www.meta.com/en-gb/experiences/totally-baseball/3256881337690839/,19.99,2004,,,78,Play the full sport of Baseball (every position) on your own or with your friends!  (No subscription needed!),,,,,,,,,,,,,,,,,,,,,,
Windlands 2,51,https://www.meta.com/en-gb/experiences/windlands-2/5418402731545943/,Yes,No,,quest_query_data_social,Quest,https://www.meta.com/en-gb/experiences/windlands-2/5418402731545943/,24.99,130,,,88,"Ein First-Person-Erkundungsspiel mit Enterhaken. Kehre zur&#xfc;ck nach Windlands, alleine oder mit Freunden. Streife mit Enterhaken und Bogen bewaffnet durch die Ruinen einer zerfallenen Welt. Begib dich auf eine Reise zur Vernichtung der gigantischen Titanen und rette die Welt vor einer uralten Gefahr.",,,,,,,,,,,,,,,,,,,,,,
Cards & Tankards,52,https://www.meta.com/en-gb/experiences/cards-tankards/3073319699437112/,Yes,Yes,,quest_query_data_social,Quest,https://www.meta.com/en-gb/experiences/cards-tankards/3073319699437112/,0,1487,,,84,"&quot;The best VR card game I&#039;ve ever played&quot; - Ben Plays VR
&quot;My go to VR game whenever I want to have some friendly competition&quot; - Matteo311

Grab a drink, invite your friends and ready your deck!

Cards &amp; Tankards is VR&#x2019;s first social collectible card game. Collect over 230 cards, battle against other players or the computer and enjoy the immersive atmosphere of playing at your local card store from the comfort of your home!",,,,,,,,,,,,,,,,,,,,,,
BEAT ARENA,53,https://www.meta.com/en-gb/experiences/beat-arena/2301375123298882/,Yes,No,,quest_query_data_social,Quest,https://www.meta.com/en-gb/experiences/beat-arena/2301375123298882/,29.99,204,,,84,"Klimpere, schlage und jamme drauflos! Hauche deinem VR-Gig Leben ein!

Performe auf der B&#xfc;hne in einer Band als Pianist, Gitarrist, Bassist oder Schlagzeuger, alles in VR!
Schnapp dir die Spieldaten deiner Freunde und genie&#xdf;t gemeinsam eine VR-Jam-Session!
* Das Zielalter von &#x201e;BEAT ARENA&#x201c; ist 13 Jahre und &#xe4;lter.

Enth&#xe4;lt unz&#xe4;hlige geliebte BEMANI-Tracks, aber auch ganz neue Originalst&#xfc;cke.
Spiele deine Lieblingssongs aus der BEMANI-Serie in VR!",,,,,,,,,,,,,,,,,,,,,,
Racket Club,54,https://www.meta.com/en-gb/experiences/racket-club/6022041731249559/,Yes,No,,quest_query_data_social,Quest,https://www.meta.com/en-gb/experiences/racket-club/6022041731249559/,24.99,599,,,90,"Racket Club kombiniert Tennis und Padel, um eine neue Schl&#xe4;gersportart f&#xfc;r VR zu schaffen. Treten Sie dem Club bei und spielen Sie den Ball!",,,,,,,,,,,,,,,,,,,,,,
Survival Nation,55,https://www.meta.com/en-gb/experiences/survival-nation/6198564290223186/,Yes,No,,quest_query_data_social,Quest,https://www.meta.com/en-gb/experiences/survival-nation/6198564290223186/,29.99,625,,,82,"Survival Nation is an open-world online RPG survival game designed for VR. In this game, you will kill hundreds of zombies, acquire weapons, learn new skills, craft, explore the world, complete quests, and most importantly, fight for survival. Will you join a Survival Nation?",,,,,,,,,,,,,,,,,,,,,,
Joyverse,56,https://www.meta.com/en-gb/experiences/joyverse/5547974825318365/,Yes,Yes,,quest_query_data_social,Quest,https://www.meta.com/en-gb/experiences/joyverse/5547974825318365/,9.99,25,,,72,"Design Your Room
Powered by Spacejoy, pioneers in design e-commerce, Joyverse is your gateway to groundbreaking interior design in the Oculus Store.

- Design Your Actual Space: Add furniture and decor in your own room in Mixed Reality.
- Designer Furniture: Access handpicked furniture/decor from top brands.
- AI-Driven: Learn with our AI Virtual Assistant.
- Multiplayer Creativity: Collaborate with friends to design a space.

Ready to dive into design like never before? Download Joyverse Now!",,,,,,,,,,,,,,,,,,,,,,
Spaceteam VR,57,https://www.meta.com/en-gb/experiences/spaceteam-vr/2531338473623578/,Yes,No,,quest_query_data_social,Quest,https://www.meta.com/en-gb/experiences/spaceteam-vr/2531338473623578/,12.99,126,,,60,A co-op party game. Work together as a Spaceteam and figure out who should do with that flange!?,,,,,,,,,,,,,,,,,,,,,,
MiRacle Pool,58,https://www.meta.com/en-gb/experiences/miracle-pool/7067612163334384/,Yes,No,,quest_query_data_social,Quest,https://www.meta.com/en-gb/experiences/miracle-pool/7067612163334384/,14.99,925,,,96,"&#x1f3b1; The Premier Pool Simulator with the most realistic ball physics and easy cue stick handling, all made for mixed reality! Game Modes include: Single Player, Multiplayer, Private Matches, Mini Games, Daily Challenges and Practice Mode. Earn XP, rank up and unlock new table designs, balls, cues and more! Play in any size room you have!",,,,,,,,,,,,,,,,,,,,,,
OrbusVR: Reborn,59,https://www.meta.com/en-gb/experiences/orbusvr-reborn/2352932654734987/,Yes,No,,quest_query_data_social,Quest,https://www.meta.com/en-gb/experiences/orbusvr-reborn/2352932654734987/,19.99,2068,,,78,"With more than 100+ hours of unique content and a strong in-game community, Orbus is a VR experience like no other!

In OrbusVR, you&#x2019;ll find everything you love about an MMORPG, including:

&#x2022; 8 playable classes
&#x2022; Fishing, crafting &amp; artificing
&#x2022; Opt-in World PvP &amp; Battlegrounds
&#x2022; 5-player dungeons &amp; 10-player raids
&#x2022; Dungeon queue, group finder &amp; other social features
&#x2022; Pet dragons, player trading and more!

Immerse yourself in a world of discovery. Join the OrbusVR community today!",,,,,,,,,,,,,,,,,,,,,,
Galaxy Kart,60,https://www.meta.com/en-gb/experiences/galaxy-kart/5598654356882558/,Yes,No,,quest_query_data_social,Quest,https://www.meta.com/en-gb/experiences/galaxy-kart/5598654356882558/,17.99,90,,,86,"Ein Arcade-Kart-Rennspiel, bei dem der Kampf und die Nutzung der individuellen F&#xe4;higkeiten jedes Fahrers im Mittelpunkt stehen. In einer Galaxie voller verr&#xfc;ckter Rennfahrer entscheidet eine fantastische Meisterschaft dar&#xfc;ber, wer der beste Fahrer von allen ist! Nicht nur die Rennfahrer k&#xf6;nnen auf den Strecken Waffen bekommen, jeder von ihnen verf&#xfc;gt auch &#xfc;ber individuelle F&#xe4;higkeiten!",,,,,,,,,,,,,,,,,,,,,,
First Steps for Quest 2,61,https://www.meta.com/en-gb/experiences/first-steps-for-quest-2/3675568169182204/,Yes,No,,quest_query_data_social,Quest,https://www.meta.com/en-gb/experiences/first-steps-for-quest-2/3675568169182204/,0,1588,,,94,"Mache deine ersten Schritte in der VR und lerne deine Controller in dieser kurzen Erfahrung kennen, die dir die ganze Kraft von Oculus zeigt.",,,,,,,,,,,,,,,,,,,,,,
Carly and the Reaperman,62,https://www.meta.com/en-gb/experiences/carly-and-the-reaperman/3285668754893704/,Yes,No,,quest_query_data_social,Quest,https://www.meta.com/en-gb/experiences/carly-and-the-reaperman/3285668754893704/,19.99,157,,,82,"Niemand kann ganz ohne Hilfe aus der Unterwelt entkommen. Schnappt euch einen Freund und rennt, springt und l&#xf6;st R&#xe4;tsel mit ihm auf dem Weg in die Freiheit in diesem preisgekr&#xf6;nten Koop-R&#xe4;tsel-Platformer!",,,,,,,,,,,,,,,,,,,,,,
Bounce Shot,63,https://www.meta.com/en-gb/experiences/bounce-shot/5315620021784200/,Yes,No,,quest_query_data_social,Quest,https://www.meta.com/en-gb/experiences/bounce-shot/5315620021784200/,3.99,131,,,86,"The party never stops with Bounce Shot!!!

Clear your opponents cups first and win! Challenge your friends or make new ones, with rooms that allow up to 8 players to join. 

Bounce Shot, a version of a popular American collegiate game, can be played  1v1  or in teams of 2. Each team then takes turns attempting to throw balls into the opponent&#039;s cups. If a ball lands in a cup, the cup is removed from the table. The first team to eliminate all of the opponent&#039;s cups is the winner.",,,,,,,,,,,,,,,,,,,,,,
Tank Arena: Ultimate League,64,https://www.meta.com/en-gb/experiences/tank-arena-ultimate-league/23911676798446391/,Yes,No,,quest_query_data_social,Quest,https://www.meta.com/en-gb/experiences/tank-arena-ultimate-league/23911676798446391/,5.99,54,,,82,"- Tank Arena: Ultimate League bringt aufregende Updates!
- Deathmatch-Revolution: Von Pulse Tower zu einem Deathmatch.
- Neues Lounge-Erlebnis: Steige im Ranking auf und spiele Mini-Games.
- Training Ground: Teste 8 Panzer und ihre F&#xe4;higkeiten.
- Epische Features: Bildet 4er-Teams f&#xfc;r futuristische K&#xe4;mpfe.
- Soziale Interaktion: Triff neue Freunde im Lounge und f&#xfc;ge sie hinzu.",,,,,,,,,,,,,,,,,,,,,,
Acron: Attack of the Squirrels!,65,https://www.meta.com/en-gb/experiences/acron-attack-of-the-squirrels/2345082335516570/,Yes,No,,quest_query_data_social,Quest,https://www.meta.com/en-gb/experiences/acron-attack-of-the-squirrels/2345082335516570/,19.99,1768,,,92,"ACHTUNG: Es handelt sich um ein VR-Spiel mit hohem Suchtpotenzial und muss mit mindestens einer weiteren Person gespielt werden, die dem Spiel &#xfc;ber ein Mobilger&#xe4;t beitritt. Das ben&#xf6;tigte Handyspiel f&#xfc;r iOS und Android ist kostenlos.

Hast du das Zeug dazu, die goldenen Eicheln in diesem nussig-verr&#xfc;ckten Multiplayer-Partyspiel von Resolution Games zu besch&#xfc;tzen? Oder bist du eher hibbelig wie ein Eichh&#xf6;rnchen?",,,,,,,,,,,,,,,,,,,,,,
Out of Scale: A Kurzgesagt Adventure,66,https://www.meta.com/en-gb/experiences/out-of-scale-a-kurzgesagt-adventure/7270665009617359/,Yes,No,,quest_query_data_social,Quest,https://www.meta.com/en-gb/experiences/out-of-scale-a-kurzgesagt-adventure/7270665009617359/,14.99,105,,,82,"Journey through 5 levels of scale ranging from molecular to mountain to clean up the aftermath of a lab test gone, well, slightly wrong. On your adventure, you&#x2019;ll be joined by STEVE, the lab&#x2019;s AI assistant, and will be the first to try out his newest invention, Shrink-o-gen. Scanning and scaling your way through the environment, you&#x2019;ll learn about the different rules that apply to each realm, and have to deal with giant ants, fungi &amp; tardigrades taking over the city.",,,,,,,,,,,,,,,,,,,,,,
Mannequin,67,https://www.meta.com/en-gb/experiences/mannequin/7028027297235918/,Yes,No,,quest_query_data_social,Quest,https://www.meta.com/en-gb/experiences/mannequin/7028027297235918/,19.99,197,,,94,"Mannequin ist ein Stealth-VR-Spiel f&#xfc;r bis zu 2 gegen 3 Spieler.

Zwei Elite-Agenten jagen Mannequins: Aliens, die sich als menschliche Statuen tarnen.

Sie &#xfc;berfallen unachtsame Agenten und k&#xf6;nnen sie mit der kleinsten Ber&#xfc;hrung einfrieren lassen. Agenten nutzen daher High-Tech-Scanner, um die Mannequins zu enttarnen und zu erschie&#xdf;en. Wer ist Freund, wer ist Feind? Wer versehentlich einen Menschen trifft, kann nicht mehr schie&#xdf;en! Welches Team gewinnt das Katz-und-Maus-Spiel?",,,,,,,,,,,,,,,,,,,,,,
Gravity League,68,https://www.meta.com/en-gb/experiences/gravity-league/5934280436582748/,Yes,No,,quest_query_data_social,Quest,https://www.meta.com/en-gb/experiences/gravity-league/5934280436582748/,0,425,,,86,"Welcome to the future of ball games! 

In a world where gravity is no longer a limitation, the Gravity League has become the ultimate test of skill and endurance for athletes from all corners of the galaxy.

The rules are simple: 2 players, 1 ball, zero gravity - the first player to get 11 goals wins.

So strap on your Gravity Gloves and get ready to take on the competition!",,,,,,,,,,,,,,,,,,,,,,
Loco Dojo Unleashed,69,https://www.meta.com/en-gb/experiences/loco-dojo-unleashed/2097356583640894/,Yes,No,,quest_query_data_social,Quest,https://www.meta.com/en-gb/experiences/loco-dojo-unleashed/2097356583640894/,19.99,174,,,76,"Enter the whimsical wooden world of Loco Dojo &amp; step up to Grand Sensei&#x2019;s &#x2018;Table of Trials&#x2019; to pit your silliest skills against friends or strangers in this hilariously competitive multiplayer party game. Take turns to spin the wheel &amp; move your counter around the dojo&#x2019;s game board, acquiring strategic prizes &amp; launching ludicrous trials in which to compete with your rival players to prove yourself as a master of martial madness! No friends? No problem! Solo Dojo and Ten Trials Tests awaits you!",,,,,,,,,,,,,,,,,,,,,,
Real VR Fishing,70,https://www.meta.com/en-gb/experiences/real-vr-fishing/2582932495064035/,Yes,No,,quest_query_data_social,Quest,https://www.meta.com/en-gb/experiences/real-vr-fishing/2582932495064035/,19.99,7134,,,92,"Real VR Fishing ist eine entspannende Angelarkade mit fantastischer Grafik und Szenerie, die du mit Freunden genie&#xdf;en kannst.

Angel, wie es dir gef&#xe4;llt! Erlebe Stippangeln oder Nervenkitzel beim Raubfischangeln. Wassertiefe und verbesserte Angelmechanik verleihen dem Spiel mehr Tiefe.",,,,,,,,,,,,,,,,,,,,,,
Snow Wars,71,https://www.meta.com/en-gb/experiences/snow-wars/4886562978130328/,Yes,No,,quest_query_data_social,Quest,https://www.meta.com/en-gb/experiences/snow-wars/4886562978130328/,12.99,38,,,74,"Snow Wars VR is a multiplayer, casual VR shooter set in a charming winter landscape. Experience beautiful handcrafted graphics and wield several unique weapons, each with different mechanics. Immerse yourself in four engaging modes, each featuring unique terrain and tactical advantages. For solo enthusiasts, the game includes the challenging &quot;Defend the Portal&quot; mode. Join the snowy fun with up to 8 players!",,,,,,,,,,,,,,,,,,,,,,
Figmin XR | Mixed Reality,72,https://www.meta.com/en-gb/experiences/figmin-xr-mixed-reality/6849182851823457/,Yes,Yes,,quest_query_data_social,Quest,https://www.meta.com/en-gb/experiences/figmin-xr-mixed-reality/6849182851823457/,19.99,143,,,88,"Create, Collect &amp; Play in Mixed Reality!

Figmin XR is a fun spatial computing application that lets you create your own mixed reality scenes. Multiplayer supported.",,,,,,,,,,,,,,,,,,,,,,
First Steps,73,https://www.meta.com/en-gb/experiences/first-steps/1863547050392688/,Yes,No,,quest_query_data_social,Quest,https://www.meta.com/en-gb/experiences/first-steps/1863547050392688/,0,1003,,,96,"Mache deine ersten Schritte in der VR und lerne deine Controller in dieser kurzen Erfahrung kennen, die dir die ganze Kraft von Oculus zeigt.",,,,,,,,,,,,,,,,,,,,,,
Arthur,74,https://www.meta.com/en-gb/experiences/arthur/2108767382537806/,Yes,Yes,,quest_query_data_social,Quest,https://www.meta.com/en-gb/experiences/arthur/2108767382537806/,0,56,,,74,"Arthur is your virtual office space. It allows you to meet, collaborate and manage your work. In Arthur, you can get into the same room with your team, partners or clients, without any travel. 

Make it your own. Customize the spaces to your needs. Maximize your remote productivity and enjoy all of your favourite tools, such as pinboards, 3D flowcharts, presentations, MR Desks and tracked keyboards.",,,,,,,,,,,,,,,,,,,,,,
Wooorld,75,https://www.meta.com/en-gb/experiences/wooorld/4360608937312293/,Yes,Yes,,quest_query_data_social,Quest,https://www.meta.com/en-gb/experiences/wooorld/4360608937312293/,0,455,,,70,"Dive into Wooorld, an immersive social platform bringing a 3D map of the world into your room in Mixed Reality. Explore cities, landmarks, natural wonders with rich content from Wikipedia and Google Maps. Challenge yourself with the location guessing game &quot;Where in the Wooorld&quot;. Plan trips with the help of a global community of explorers. Enjoy AI-powered Tours, customizations, safety &amp; accessibility features.

Enjoy Wooorld for Free, or unlock premium features with Explorer+ &amp; Player+ add-ons.",,,,,,,,,,,,,,,,,,,,,,
ForeVR Darts,76,https://www.meta.com/en-gb/experiences/forevr-darts/3831620133609128/,Yes,No,,quest_query_data_social,Quest,https://www.meta.com/en-gb/experiences/forevr-darts/3831620133609128/,9.99,592,,,80,"Alle deine Lieblings-Darts-Spiele: 01 Series, Double-Out 01 Series, Count-Up und Cricket!

Alle k&#xf6;nnen mitspielen &#x2013; leichte und mittlere Zielassistenten helfen beim Werfen! Auf &#x201e;Schwierig&#x201c; k&#xf6;nnen Profis Darts in VR auf realistische Weise erleben!

+ 4 Hallen
+ 65 Dartpfeile
+ 3-stufiger Zielassistent
+ 5 herausforderbare Profi-NSC in jeder Halle
+ YouTube-Jukebox
+ Reihum-Spiel

Erlebe die vollendete Handverfolgungs-Technologie von Oculus im besten Spiel, das mit H&#xe4;nden gespielt wird: Darts!",,,,,,,,,,,,,,,,,,,,,,
MarineVerse Cup,77,https://www.meta.com/en-gb/experiences/marineverse-cup/2465388190184288/,Yes,No,,quest_query_data_social,Quest,https://www.meta.com/en-gb/experiences/marineverse-cup/2465388190184288/,19.99,177,,,88,"Try sailing, learn &amp; race in iconic sailing locations. Master various sailboats.

Join a vibrant community and connect with fellow sailors.

MarineVerse Cup is crafted for simulation enthusiasts. Start with a Dinghy and progress to a Yacht.

When you are ready, test your skills in a competitive setting.

After the race, unwind in Free Sailing mode and watch a sunset in VR.

Happy Sailing!",,,,,,,,,,,,,,,,,,,,,,
GOLF+,78,https://www.meta.com/en-gb/experiences/golf/2412327085529357/,Yes,No,,quest_query_data_social,Quest,https://www.meta.com/en-gb/experiences/golf/2412327085529357/,29.99,45260,,,96,"The ultimate VR Golf experience and the official VR Golf game of the PGA TOUR!

**Available on QUEST 2, 3, and Pro**

&#x26f3;&#xfe0f; Iconic Courses: 3 Free courses and 15+ real-world destinations available for purchase including Pebble Beach.
&#x1f3cc;&#xfe0f; Multiplayer: Play with friends, or join public rounds.
&#x1f4c8; Performance Feedback: Stats, strokes gained data, and handicap system.
&#x1f3c6; Competitive Play: Compete on the GOLF+ TOUR.
&#x1f3af; Diverse Modes: Match Play to Skins, to weekly challenges and Topgolf Las Vegas.",,,,,,,,,,,,,,,,,,,,,,
Star Trek: Bridge Crew,79,https://www.meta.com/en-gb/experiences/star-trek-bridge-crew/2507216576060698/,Yes,No,,quest_query_data_social,Quest,https://www.meta.com/en-gb/experiences/star-trek-bridge-crew/2507216576060698/,29.99,2177,,,58,"Das speziell f&#xfc;r VR entwickelte Spiel &#x201e;Star Trek: Bridge Crew&#x201c; versetzt Sie und Ihre Freunde in das Herz eines Raumschiffs, wo jede Aktion and jede Entscheidung, die ihr gemeinsam als Offiziere der F&#xf6;deration trefft, das Schicksal Ihres Schiffes und Ihrer Crew entscheidet.",,,,,,,,,,,,,,,,,,,,,,
BIG SHOTS,80,https://www.meta.com/en-gb/experiences/big-shots/6621849171203339/,Yes,No,,quest_query_data_social,Quest,https://www.meta.com/en-gb/experiences/big-shots/6621849171203339/,19.99,47,,,82,"R&#xfc;stet euch aus, schlie&#xdf;t euch zusammen und vernichtet eure Gegner! Werde zum ultimativen Mech-Piloten in BIG SHOTS!",,,,,,,,,,,,,,,,,,,,,,
Ghostbusters: Rise of the Ghost Lord,81,https://www.meta.com/en-gb/experiences/ghostbusters-rise-of-the-ghost-lord/4746232908818706/,Yes,No,,quest_query_data_social,Quest,https://www.meta.com/en-gb/experiences/ghostbusters-rise-of-the-ghost-lord/4746232908818706/,29.99,540,,,80,"WHO THEY GONNA CALL? YOU!

Schnall dein Proton-Pack um und erlebe mit Meta Quest, wie viel Spa&#xdf; und Nervenkitzel die Geisterjagd bringt!

WERDE EIN GHOSTBUSTER!
Benutze ikonisches Equipment wie den PKE Geisterschocker und den Protonen-Strahler, wenn du die Geister bei diesem ultimativen Kampf gegen eine entsetzliche neue Bedrohung findest, vernichtest und f&#xe4;ngst.

Ghostbusters &#x2122; &amp; &#xa9; 2023 Columbia Pictures Industries, Inc. All Rights Reserved.",,,,,,,,,,,,,,,,,,,,,,
The Flip,82,https://www.meta.com/en-gb/experiences/the-flip/5419048904872022/,Yes,No,,quest_query_data_social,Quest,https://www.meta.com/en-gb/experiences/the-flip/5419048904872022/,24.99,73,,,90,"Schlie&#xdf; dich in The Flip, einem Koop-VR-Shooter in einer von Zombies &#xfc;berrannten Stadt, mit Freunden zu einem spannungsgeladenen Abenteuer zusammen. Finde Waffen und passe deinen Avatar an, w&#xe4;hrend du gegen Kreep und seine Monster um das &#xdc;berleben k&#xe4;mpfst. In The Flip, das f&#xfc;r gemeinsames Spielen und einen schnellen Einstieg konzipiert ist, trittst du mit bis zu vier Personen an und kannst jederzeit loslegen oder aufh&#xf6;ren. Dreh den Spie&#xdf; um und bek&#xe4;mpfe die Zombieapokalypse!",,,,,,,,,,,,,,,,,,,,,,
ForeVR Pool,83,https://www.meta.com/en-gb/experiences/forevr-pool/4760607174068295/,Yes,No,,quest_query_data_social,Quest,https://www.meta.com/en-gb/experiences/forevr-pool/4760607174068295/,19.99,623,,,78,"Fordere Freunde, Familie und Profi-NSC zu einem 8-Ball-Billardspiel heraus! Hol dir die coolsten Poolbillard-Hallen der Welt direkt ins Wohnzimmer. 

Sei bereit: ZIELEN, FIXIEREN UND STOSSEN!

&#x1f3b1; 50 Queues und 5 Hallen
&#x1f3b1; Optional: Zielassistenten-Zielhilfe sowie Spieleinstellungen
&#x1f3b1; &#xd6;ffentliche und private 1-vs.-1-Mehrspielerpartien + Schnelles Spiel und lokales Reihum-Spiel
&#x1f3b1; Bald verf&#xfc;gbar: 2-vs.-2-Mehrspieler!
&#x1f3b1; 12 Profi-NSC warten auf deine Herausforderung!
&#x1f3b1; YouTube-Jukebox!",,,,,,,,,,,,,,,,,,,,,,
Meta Horizon Worlds,84,https://www.meta.com/en-gb/experiences/meta-horizon-worlds/2532035600194083/,Yes,Yes,,quest_query_data_social,Quest,https://www.meta.com/en-gb/experiences/meta-horizon-worlds/2532035600194083/,,9082,,,72,"Willkommen bei Meta Horizon Worlds! Ganz gleich, ob du eine Community, Games, Events oder von allem etwas suchst &#x2013; diese App ist der ideale Ort daf&#xfc;r. Mit immer wieder neuen Welten und Quests gibt es stets etwas zu entdecken.",,,,,,,,,,,,,,,,,,,,,,
Keep Talking and Nobody Explodes,85,https://www.meta.com/en-gb/experiences/keep-talking-and-nobody-explodes/2010043642376517/,Yes,No,,quest_query_data_social,Quest,https://www.meta.com/en-gb/experiences/keep-talking-and-nobody-explodes/2010043642376517/,14.99,563,,,90,"Du befindest dich alleine in einem Raum mit einer Bombe. Deine Freunde haben das Handbuch, um sie zu entsch&#xe4;rfen, aber sie k&#xf6;nnen die Bombe nicht sehen, also m&#xfc;sst ihr euch absprechen - und zwar schnell!  Dieses lokale Mehrspielerspiel erfordert zwei oder mehr Spieler. Es wird nur ein VR-Headset mit dem Spiel ben&#xf6;tigt.  Ein kostenloses Handbuch zur Bombenentsch&#xe4;rfung, das unter www.bombmanual.com/de verf&#xfc;gbar ist, wird ben&#xf6;tigt.",,,,,,,,,,,,,,,,,,,,,,