Application Name,Order Number,Main Page,Accessible,Social,HMD,Origin,Store,Main Page,Price,Number of Reviews,focus,count,Rating,Summary,HMD Support,Origin,Order number,Store,Store Link,Multiplayer,Main Focus,Online Count,Download Count,#Player in the Most Popular Room,Platform Type,Platform availability,Room creation,Room creation detailed,Official Creator Documentation Main Page,Official First Step Guide,Unofficial Tutorials,Creator Description,Main Page Web Metric,Monthly Active Users,Events,Scholar Articles
Multiverse,1,https://www.meta.com/en-gb/experiences/multiverse/1976071352472244/,Yes,Yes,,quest_query_data_metaverse,Quest,https://www.meta.com/en-gb/experiences/multiverse/1976071352472244/,0,1001,,,70,"Multiverse &#x2013; das Metaversum F&#xfc;r die Menschen, Von den Menschen.",,,,,,,,,,,,,,,,,,,,,,
Meta Horizon Worlds,2,https://www.meta.com/en-gb/experiences/meta-horizon-worlds/2532035600194083/,Yes,Yes,,quest_query_data_metaverse,Quest,https://www.meta.com/en-gb/experiences/meta-horizon-worlds/2532035600194083/,0,9082,,,72,"Willkommen bei Meta Horizon Worlds! Ganz gleich, ob du eine Community, Games, Events oder von allem etwas suchst &#x2013; diese App ist der ideale Ort daf&#xfc;r. Mit immer wieder neuen Welten und Quests gibt es stets etwas zu entdecken.",,,,,,,,,,,,,,,,,,,,,,
Softspace,3,https://www.meta.com/en-gb/experiences/softspace/4586808061416562/,Yes,No,,quest_query_data_metaverse,Quest,https://www.meta.com/en-gb/experiences/softspace/4586808061416562/,0,74,,,68,"Softspace is an intuitive AR workspace where you lay out and organize notes, images, and websites. Connect related concepts, search the web for inspiration, and even get creative suggestions from our AI. This powerful productivity and creativity tool helps you develop the ideas at the heart of your best work.",,,,,,,,,,,,,,,,,,,,,,
ENGAGE,4,https://www.meta.com/en-gb/experiences/engage/3092079454190601/,Yes,Yes,,quest_query_data_metaverse,Quest,https://www.meta.com/en-gb/experiences/engage/3092079454190601/,0,140,,,72,"ENGAGE is a business-focused spatial computing platform
Designed for corporations, professionals, education organizations, and event organizers.

It is used for remote training, collaboration, events, and marketing and enables our clients to directly engage with employees, customers, and suppliers in virtual locations and digital twins.

ENGAGE clients include companies across many different business verticals, including KPMG, Pfizer, 3M, Stanford University, Lenovo, HSBC, KIA, and many more.",,,,,,,,,,,,,,,,,,,,,,
Flipside,5,https://www.meta.com/en-gb/experiences/flipside/2305425142915253/,Yes,Yes,,quest_query_data_metaverse,Quest,https://www.meta.com/en-gb/experiences/flipside/2305425142915253/,0,108,,,78,"Flipside is the metaverse social media platform for next-gen creators and their fans.

Watch a steady stream of spatial content, which you can like, subscribe, share, and even remix. Connect with friends over multiplayer and watch together!

Next-gen creators make spatial recordings using Flipside&#x2019;s built-in virtual TV studio, then share them to your channel and build a fanbase of subscribers.

Download Flipside today!",,,,,,,,,,,,,,,,,,,,,,
Arkio,6,https://www.meta.com/en-gb/experiences/arkio/2280319701979278/,Yes,Yes,,quest_query_data_metaverse,Quest,https://www.meta.com/en-gb/experiences/arkio/2280319701979278/,0,204,,,76,"Design interiors, buildings, virtual spaces and more with Arkio on Meta Quest. Try new design ideas and collaborate with others using VR, desktop and mobile to make better design decisions faster. With room import and passthrough you can design, mix and share realities like never before. Bring mixed reality in Arkio to life with color passthrough on Meta Quest 3 &amp; Pro. Upload and download large models directly using Arkio Cloud. Import and export seamlessly from Revit, Rhino, SketchUp and Unity.",,,,,,,,,,,,,,,,,,,,,,
Roblox,7,https://www.meta.com/en-gb/experiences/roblox/5804350719675181/,Yes,Yes,,quest_query_data_metaverse,Quest,https://www.meta.com/en-gb/experiences/roblox/5804350719675181/,0,7029,,,76,"Roblox lets you explore and share experiences with friends. With over 66 million daily active users and a huge variety of 3D immersive experiences created by a global community, there&#x2019;s always something new to discover.",,,,,,,,,,,,,,,,,,,,,,
Mountain Study,8,https://www.meta.com/en-gb/experiences/5077315605654672,No,,,quest_query_data_metaverse,Quest,https://www.meta.com/en-gb/experiences/5077315605654672,,,,,74,,,,,,,,,,,,,,,,,,,,,,,
Meta Horizon Terrace,9,https://www.meta.com/en-gb/experiences/23954694280811521,No,,,quest_query_data_metaverse,Quest,https://www.meta.com/en-gb/experiences/23954694280811521,,,,,100,,,,,,,,,,,,,,,,,,,,,,,
Noclip VR,10,https://www.meta.com/en-gb/experiences/noclip-vr/5407386572706843/,Yes,No,,quest_query_data_metaverse,Quest,https://www.meta.com/en-gb/experiences/noclip-vr/5407386572706843/,0,5201,,,90,Noclip VR is a co-op multiplayer backrooms game with unique locomotion and gameplay. The horror game has many unique levels and entities from the backrooms.,,,,,,,,,,,,,,,,,,,,,,
Just Another Cooking Game,11,https://www.meta.com/en-gb/experiences/just-another-cooking-game/6766207633442740/,Yes,No,,quest_query_data_metaverse,Quest,https://www.meta.com/en-gb/experiences/just-another-cooking-game/6766207633442740/,0,106,,,72,"Just Another Cooking Game is a time management game inspired by several other cooking games such as Overcooked and Cook-Out. 
JACG is also part of a PhD research project focused on understanding what factors enhance immersion and presence in VR games. 
Play the experience to unlock 12 more levels.
Cook Under Pressure and see if you can handle the heat!",,,,,,,,,,,,,,,,,,,,,,
Horror,12,https://www.meta.com/en-gb/experiences/horror/6904307006303740/,Yes,No,,quest_query_data_metaverse,Quest,https://www.meta.com/en-gb/experiences/horror/6904307006303740/,0,116,,,86,"&#x1f47b;Treten Sie Discord bei: https://discord.com/invite/UpFwwnV6PZ, um KOSTENLOSE SCHL&#xdc;SSEL f&#xfc;r das VOLLST&#xc4;NDIGE SPIEL zu gewinnen!&#x1f47b;

Ein VR-Horror- und R&#xe4;tselspiel, das Echtzeit-Voice-Chat und Online-Spiel f&#xfc;r zwei Spieler unterst&#xfc;tzt. Lass uns gemeinsam dieses mysteri&#xf6;se Einkaufszentrum betreten, die Geheimnisse aufdecken, die Wahrheit erforschen und die Angst und Aufregung des Unbekannten erleben. Z&#xf6;gern Sie nicht, sich mit uns auf eine wahre Reise des Grauens zu begeben!",,,,,,,,,,,,,,,,,,,,,,
Masterpiece X,13,https://www.meta.com/en-gb/experiences/masterpiece-x/5502306219889537/,Yes,No,,quest_query_data_metaverse,Quest,https://www.meta.com/en-gb/experiences/masterpiece-x/5502306219889537/,0,45,,,64,"Simplify your 3D prototyping process! Create 3D models quickly and easily using VR and GenAI.

Designed for creativity, simplified for you:
- Jumpstart your 3D creation journey. No prior experience is needed.
- Say goodbye to complexity with our user-friendly interface.
- Use our text-to-3D generative AI to create prototype 3D assets with mesh, textures, and animations (human models only).

Embark on your 3D creation adventure &#x2013; Get Masterpiece X today and transform your ideas into reality!",,,,,,,,,,,,,,,,,,,,,,
MeetinVR,14,https://www.meta.com/en-gb/experiences/meetinvr/1760132027421053/,Yes,Yes,,quest_query_data_metaverse,Quest,https://www.meta.com/en-gb/experiences/meetinvr/1760132027421053/,0,86,,,70,"MeetinVR enables best-in-class metaverse meetings and collaboration. 

Whether you want to meet with your team or with your customers, MeetinVR provides the ideal platform for workshops, training, and education.",,,,,,,,,,,,,,,,,,,,,,
Microsoft Mesh,15,https://www.meta.com/en-gb/experiences/microsoft-mesh/6750166401689690/,Yes,Yes,,quest_query_data_metaverse,Quest,https://www.meta.com/en-gb/experiences/microsoft-mesh/6750166401689690/,0,75,,,38,"Microsoft Mesh erm&#xf6;glicht es Ihrer flexiblen Belegschaft, sich wie nie zuvor in einem immersiven 3D-Raum zu verbinden, sodass virtuelle Besprechungen und Events sich mehr wie pers&#xf6;nliche Treffen anf&#xfc;hlen. Treten Sie &#xfc;ber die Microsoft Mesh-App Microsoft Teams-Besprechungen bei. Greifen Sie auf Mesh auf PC-, Meta Quest 2-, Meta Quest 3- und Meta Quest Pro-Ger&#xe4;te zu.",,,,,,,,,,,,,,,,,,,,,,
Sail Single Player,16,https://www.meta.com/en-gb/experiences/sail-single-player/4092537967425323/,Yes,No,,quest_query_data_metaverse,Quest,https://www.meta.com/en-gb/experiences/sail-single-player/4092537967425323/,0,605,,,80,Open World VR Pirate Game - FREE Single Player Experience,,,,,,,,,,,,,,,,,,,,,,
Zoe,17,https://www.meta.com/en-gb/experiences/zoe/5464660053555314/,Yes,Yes,,quest_query_data_metaverse,Quest,https://www.meta.com/en-gb/experiences/zoe/5464660053555314/,0,102,,,72,"For ages 13 and up

Zoe enables the rapid creation of interactive 3D scenes through a no-code interface and automation. Invite your friends, students, colleagues and clients to collaborate, learn and create together in real-time. 
What can I create with Zoe?
Zoe has been used to host immersive workshops, virtual classrooms, project-based-learning activities, meetups, events, interactive art, marketing campaigns, and even mini-games for therapy.",,,,,,,,,,,,,,,,,,,,,,
Monkeys Place,18,https://www.meta.com/en-gb/experiences/monkeys-place/6198284860201271/,Yes,No,,quest_query_data_metaverse,Quest,https://www.meta.com/en-gb/experiences/monkeys-place/6198284860201271/,0,1926,,,86,"Monkeys, Monkeys, Monkeys!
who doesnt like Monkeys? you do like Monkeys! so why not playing a with Love made game with your friends?
The game is currently in Alpha. so if you find any Bugs you can join the discord given in the game and report it.

Hope you have fun playing it!",,,,,,,,,,,,,,,,,,,,,,
First Person Tennis - The Real Tennis Simulator,19,https://www.meta.com/en-gb/experiences/first-person-tennis-the-real-tennis-simulator/6119989094742166/,Yes,No,,quest_query_data_metaverse,Quest,https://www.meta.com/en-gb/experiences/first-person-tennis-the-real-tennis-simulator/6119989094742166/,22.99,1098,,,82,"Welcome to the First Person Tennis, the first tennis simulator developed for VR.

First Person Tennis uses the most innovative physics engine to reproduce the real tennis shots in VR. Thanks to the support of a big community and professional tennis players, the game is in an endless development to reach an incredible level of realism.  

First Person Tennis is for all ages and tennis players, the simulator has different levels of difficulty and options for any need.",,,,,,,,,,,,,,,,,,,,,,
Mistika VR Connect,20,https://www.meta.com/en-gb/experiences/mistika-vr-connect/6042872962404291/,Yes,No,,quest_query_data_metaverse,Quest,https://www.meta.com/en-gb/experiences/mistika-vr-connect/6042872962404291/,0,14,,,68,"IMPORTANT: Mistika VR Connect is an add-on feature for Mistika VR.  To use it, you must connect the application with the host desktop version of Mistika VR. To learn more visit www.sgo.es/mistika-vr-connect 

Ready to take your immersive media creation to a whole new level? 

With Mistika VR Connect you&#x2019;re able to stitch 360&#xba;/180&#xba; VR media directly in Meta Quest 2 headset, using some of the most popular features of the industry&#x2019;s favorite optical flow stitching software Mistika VR.",,,,,,,,,,,,,,,,,,,,,,
HUMANITY,21,https://www.meta.com/en-gb/experiences/humanity/10019544428070674/,Yes,No,,quest_query_data_metaverse,Quest,https://www.meta.com/en-gb/experiences/humanity/10019544428070674/,24.99,76,,,96,"VR Game of the Year, The EDGE Awards 2023!

HUMANITY ist ein innovativer Mix aus Puzzle und Action-Plattformer. Das Schicksal der Menschheit liegt in deinen H&#xe4;nden bzw. Pfoten! Bringe im Story-Modus als Shiba Inu riesige Menschenmengen ans Ziel oder durchst&#xf6;bere die Vielfalt an Nutzerlevels, die mit dem Leveleditor erstellt wurden!",,,,,,,,,,,,,,,,,,,,,,
Derby,22,https://www.meta.com/en-gb/experiences/derby/5981971501867491/,Yes,No,,quest_query_data_metaverse,Quest,https://www.meta.com/en-gb/experiences/derby/5981971501867491/,0,454,,,84,"Derby is the best place to meet friends, play ball, and make fun videos.

Enter a social virtual park, unleash your swing and throw heat!

Casually compete with friends in a 1v1, or become a champ on the leaderboards.

Earn Peanuts to spend in the Snack Shack on a rotating selection of swag. 

Become a member to earn exclusive rewards, and craft your own private park to host insane fan lobbies with friends.

Hit dingers, become a star, and change the game! It&#x2019;s all possible in Derby.",,,,,,,,,,,,,,,,,,,,,,
SketchUp Viewer,23,https://www.meta.com/en-gb/experiences/sketchup-viewer/9874528232572675/,Yes,No,,quest_query_data_metaverse,Quest,https://www.meta.com/en-gb/experiences/sketchup-viewer/9874528232572675/,0,64,,,76,"SketchUp Viewer for Meta Quest makes it easier than ever to view your SketchUp models in virtual reality and amaze your customers and stakeholders. Available now for Meta Quest 2, Meta Quest 3, and Meta Quest Pro, you can experience your designs in an immersive environment without the need for a complex setup or a powerful desktop machine. Leverage features including Scenes, Outliner, Tape Measure, and our brand new Home Environment to showcase your designs and make better design decisions.",,,,,,,,,,,,,,,,,,,,,,
Tribe XR | DJ Academy,24,https://www.meta.com/en-gb/experiences/tribe-xr-dj-academy/2055718171162796/,Yes,No,,quest_query_data_metaverse,Quest,https://www.meta.com/en-gb/experiences/tribe-xr-dj-academy/2055718171162796/,0,1229,,,84,"Become a DJ! Play on official Pioneer DJ equipment. Learn from the masters at the Pete Tong DJ Academy. Join daily workshops. Connect with the community. Perform to the world.

Subscribe for your free 7-day trial:
- Play on official Pioneer DJ equipment
- Learn from the masters at the Pete Tong DJ Academy
- Load your own music - including via Dropbox
- Access tracks from Beatport, Monstercat &amp; Soundcloud Go+
- Join live workshops &amp; multiplayer rooms
- Livestream to Twitch
- Cancel anytime",,,,,,,,,,,,,,,,,,,,,,
Resolve,25,https://www.meta.com/en-gb/experiences/resolve/7860400317363640/,Yes,Yes,,quest_query_data_metaverse,Quest,https://www.meta.com/en-gb/experiences/resolve/7860400317363640/,0,15,,,86,"Resolve allows teams building complex construction projects to review large BIM projects on the Meta Quest in a collaborative environment. Resolve&#x2019;s ability to handle the biggest 3D models enables teams to simulate maintenance, safety and accessibility issues earlier than ever before. From cutting edge biopharma facilities to wind farms and data centers, Resolve delivers unparalleled performance on wireless VR headsets without the need to section your model, stream, or use a hefty PC.",,,,,,,,,,,,,,,,,,,,,,
Immerse - Language Learning,26,https://www.meta.com/en-gb/experiences/immerse-language-learning/3181432891940455/,Yes,No,,quest_query_data_metaverse,Quest,https://www.meta.com/en-gb/experiences/immerse-language-learning/3181432891940455/,0,532,,,84,"&#x1f525; Don&#039;t just study Spanish, French, or English &#x2014; learn how to SPEAK it fluently with coworkers, friends, and family!

&#x2764;&#xfe0f; Immerse is the fastest growing immersive language learning platform trusted by thousands of members around the world!

&#x1f4aa; Get unlimited access to live group classes and AI-powered conversation practice for a fraction of the cost of online tutoring or traveling abroad.

&#x1f911; Subscriptions start as low as $25/mo. Must be 18 or older. 

&#x1f973; Start your 14 day free trial today!",,,,,,,,,,,,,,,,,,,,,,
Innerworld,27,https://www.meta.com/en-gb/experiences/innerworld/5406767536033508/,Yes,No,,quest_query_data_metaverse,Quest,https://www.meta.com/en-gb/experiences/innerworld/5406767536033508/,0,486,,,86,"Welcome to Innerworld: a virtual world where you can learn evidence-based mental health tools and receive support in a place where you can feel safe being yourself. Start your mental health journey today.
 
Work through life&#x2019;s biggest challenges with guides certified in Cognitive Behavioral Immersion: a transformative approach to mental health support. 

Let&#x2019;s find our way together.

Innerworld is currently for people who are able to speak English.",,,,,,,,,,,,,,,,,,,,,,
Futurescape,28,https://www.meta.com/en-gb/experiences/6371182992938672,No,,,quest_query_data_metaverse,Quest,https://www.meta.com/en-gb/experiences/6371182992938672,,,,,100,,,,,,,,,,,,,,,,,,,,,,,
VirtualSpeech,29,https://www.meta.com/en-gb/experiences/virtualspeech/3973230756042512/,Yes,No,,quest_query_data_metaverse,Quest,https://www.meta.com/en-gb/experiences/virtualspeech/3973230756042512/,0,73,,,74,"Improve your communication skills with AI-powered avatars, real-time feedback, and realistic environments. Training on presentation skills, leadership, sales, difficult conversations, and other workplace skills.

Features include:
&#x2605; AI-powered roleplay conversations
&#x2605; Real-time feedback on performance
&#x2605; Record your presentations and body language
&#x2605; Practice in augmented and mixed reality (MR/AR)
&#x2605; 30+ training modules
&#x2605; Add your slides, notes, and questions
&#x2605; Wide range of supported courses",,,,,,,,,,,,,,,,,,,,,,
Spatial,30,https://www.meta.com/en-gb/experiences/spatial/2927141310670477/,Yes,Yes,,quest_query_data_metaverse,Quest,https://www.meta.com/en-gb/experiences/spatial/2927141310670477/,0,557,,,72,"Join millions worldwide to explore 3D virtual worlds, customize your identity, and collaborate with friends. With stunning graphics and live voice and text chat, Spatial is the perfect platform to unlock your imagination! Explore endless immersive worlds, customize your avatar, connect with millions of creators, and build your own worlds with no coding or fees. Your World Awaits!

Linkin.bio/spatial_io
https://support.spatial.io/hc/en-us
https://www.spatial.io/terms
https://www.spatial.io/guide",,,,,,,,,,,,,,,,,,,,,,
iB Cricket,31,https://www.meta.com/en-gb/experiences/ib-cricket/5437449896288644/,Yes,No,,quest_query_data_metaverse,Quest,https://www.meta.com/en-gb/experiences/ib-cricket/5437449896288644/,29.99,1305,,,90,"A sport with 2.5 billion fans across the world is now in VR as iB Cricket (vSport). Step into immersive world-class stadiums with thousands cheering for you and hit the ball out of the park. Our realistic physics makes it intuitive to learn the sport within 10 mins. Thousands of people from all over the world including non-cricketing nations have enjoyed playing iB Cricket. Hone your skills, compete in global tournaments &amp; become a vSport star.",,,,,,,,,,,,,,,,,,,,,,
Paintball Playground,32,https://www.meta.com/en-gb/experiences/paintball-playground/5804418539661677/,Yes,No,,quest_query_data_metaverse,Quest,https://www.meta.com/en-gb/experiences/paintball-playground/5804418539661677/,0,306,,,80,"A Sports/Shooter game where you compete against other players on SpeedBall, SpeedQB or Woodsball maps.",,,,,,,,,,,,,,,,,,,,,,
Xbox Cloud Gaming (Beta),33,https://www.meta.com/en-gb/experiences/xbox-cloud-gaming-beta/6096836170400630/,Yes,No,,quest_query_data_metaverse,Quest,https://www.meta.com/en-gb/experiences/xbox-cloud-gaming-beta/6096836170400630/,0,843,,,62,"Play hundreds of high-quality Xbox games on Meta VR headsets with Game Pass. 

*Game Pass Ultimate: Subscription continues automatically at regular monthly price unless cancelled. Xbox Cloud Gaming (Beta): requires supported controller (sold separately); streaming limitations apply, server availability and wait times may vary. Subject to xbox.com/subscriptionterms.",,,,,,,,,,,,,,,,,,,,,,
Blue Hill Gold Mine,34,https://www.meta.com/en-gb/experiences/9465027033537283,No,,,quest_query_data_metaverse,Quest,https://www.meta.com/en-gb/experiences/9465027033537283,,,,,0,,,,,,,,,,,,,,,,,,,,,,,
Red Matter,35,https://www.meta.com/en-gb/experiences/red-matter/2180753588712484/,Yes,No,,quest_query_data_metaverse,Quest,https://www.meta.com/en-gb/experiences/red-matter/2180753588712484/,24.99,4524,,,92,"Red Matter offers unparalleled visuals in a VR puzzle adventure set on Saturn&#039;s moon, Rhea. As Agent Epsilon, explore a captivating, story-driven world filled with engaging puzzles and breathtaking environments. Utilize hi-tech tools to uncover secrets within a beautifully detailed dystopian Sci-Fi universe. Experience a narrative rich in intrigue and wonder, designed to captivate from start to finish. Red Matter isn&#039;t just a game&#x2014;it&#039;s an unforgettable journey into the essence of VR",,,,,,,,,,,,,,,,,,,,,,
ZuseRunners,36,https://www.meta.com/en-gb/experiences/zuserunners/6289885221105652/,Yes,No,,quest_query_data_metaverse,Quest,https://www.meta.com/en-gb/experiences/zuserunners/6289885221105652/,0,409,,,82,(ZuseRunners) is a fun Multiplayer Game To Play With New People And Make New Friends,,,,,,,,,,,,,,,,,,,,,,
BIG BALLERS VR,37,https://www.meta.com/en-gb/experiences/big-ballers-vr/3947713001963656/,Yes,No,,quest_query_data_metaverse,Quest,https://www.meta.com/en-gb/experiences/big-ballers-vr/3947713001963656/,0,15198,,,96,"&#x1f410; BECOME THE G.O.A.T &#x1f410; 

Rank up in the fastest growing VR sports game, BIG BALLERS VR. Play with up to 12 players and perform crazy windmill contact dunks in basketball, slug dingers in baseball, and clutch it with game-winning touchdown catches. Try our MR Fitness mode too.  

&#x1f3c8; EASY TO LEARN &#x2013; HARD TO MASTER &#x26be;&#xfe0f;&#x1f3c0;&#x1f3d0;

Our world-class physics engine gives you realistic natural gameplay while being easy to grasp yet challenging to master.

&#x1f624; WILL YOU RISE TO THE CHALLENGE &#x1f624;

Play free now!",,,,,,,,,,,,,,,,,,,,,,
Talespin,38,https://www.meta.com/en-gb/experiences/talespin/9658050154267722/,Yes,No,,quest_query_data_metaverse,Quest,https://www.meta.com/en-gb/experiences/talespin/9658050154267722/,0,53,,,64,"Welcome to Talespin&#x2014;a gateway to virtual worlds built to support your personal and professional growth. Embark on an enriching journey with our vast library of immersive learning content, thoughtfully designed to mirror real-life situations so you can practice the most important skills to get ahead&#x2014;skills often called &#x201c;power skills,&#x201d; or &#x201c;human skills.&#x201d;

Empower yourself with the human skills that AI can&#039;t replace. Together, we can build the foundation for your future.",,,,,,,,,,,,,,,,,,,,,,
Steam Link,39,https://www.meta.com/en-gb/experiences/steam-link/5841245619310585/,Yes,No,,quest_query_data_metaverse,Quest,https://www.meta.com/en-gb/experiences/steam-link/5841245619310585/,0,2017,,,70,"Steam Link streamt Ihre Lieblingsspiele in Ihrer Steam-Bibliothek direkt von Ihrem Computer auf Ihr Meta-Quest-VR-Headset.

Installieren Sie heute noch die Steam-Link-App und fangen Sie an zu spielen!",,,,,,,,,,,,,,,,,,,,,,
Mindset,40,https://www.meta.com/en-gb/experiences/mindset/5981642121902237/,Yes,No,,quest_query_data_metaverse,Quest,https://www.meta.com/en-gb/experiences/mindset/5981642121902237/,9.99,33,,,70,"HAND TRACKING SPIEL &#x1f64c;

Stelle dich einer intellektuellen Herausforderung und nutze deinen Verstand, um Dutzende faszinierender w&#xfc;rfelf&#xf6;rmiger R&#xe4;tsel zu l&#xf6;sen und gleichzeitig das Geheimnis deiner Vergangenheit zu l&#xfc;ften &#x1f9e0;

Genie&#xdf;e Sie ein Hand-Tracking-System, mit dem du eine Reihe von Kombinationen mit deinen eigenen H&#xe4;nden aktivieren, verbinden und verschieben kannst. Tauche Sie ein in eine Geschichte, die in einem bizarren Klartraum stattfindet, oder zeige deine F&#xe4;higkeiten im Herausforde",,,,,,,,,,,,,,,,,,,,,,
GYM CLASS - BASKETBALL VR,41,https://www.meta.com/en-gb/experiences/gym-class-basketball-vr/3661420607275144/,Yes,No,,quest_query_data_metaverse,Quest,https://www.meta.com/en-gb/experiences/gym-class-basketball-vr/3661420607275144/,0,58382,,,98,"&#x1f3c0;&#x1f3c8;&#x26be; GYM CLASS is the top VR basketball &amp; sports game. Experience NBA licensed team courts with full-court games, social worlds for pickup games with friends, and football &amp; baseball stadiums. Rated best on Quest, GC delivers top-notch simulation physics, environments, gameplay, avatars, and cosmetics. Tag your opponents in a fast-paced match, or play rec games - GC is where ballers unite.",,,,,,,,,,,,,,,,,,,,,,
Maloka,42,https://www.meta.com/en-gb/experiences/maloka/4014704425248676/,Yes,No,,quest_query_data_metaverse,Quest,https://www.meta.com/en-gb/experiences/maloka/4014704425248676/,0,478,,,80,"Welcome to Maloka, a VR mindfulness game where practice meets play. Travel to your own personal island where you&#x2019;ll unite with your Spirit and embark on an immersive journey like no other. Find a practice that works for you with 100+ unique mindfulness experiences guided by Dr. Deepak Chopra, Sharon Salzberg, The Big Quiet, and more!",,,,,,,,,,,,,,,,,,,,,,
WIN Reality Baseball,43,https://www.meta.com/en-gb/experiences/win-reality-baseball/3172399986210688/,Yes,No,,quest_query_data_metaverse,Quest,https://www.meta.com/en-gb/experiences/win-reality-baseball/3172399986210688/,0,2948,,,78,"WIN Reality: VR Baseball Training on Meta Quest

Get the training used by travel ball players, college athletes, pros to develop their skills and be game-ready. Hit game-speed pitching, practice in simulated games, and compete in live events. Use the WIN Bat Attachment to get on-field feel.

Improve your pitch recognition, swing timing, and swing biomechanics.

See improvements in batting average and pitch recognition within weeks.

Train at your own pace and from the comfort of your",,,,,,,,,,,,,,,,,,,,,,
Monkey Doo,44,https://www.meta.com/en-gb/experiences/monkey-doo/5635852399856124/,Yes,No,,quest_query_data_metaverse,Quest,https://www.meta.com/en-gb/experiences/monkey-doo/5635852399856124/,0,7236,,,92,"&#x1f412;&#x1faf5;Fan Made Update!

Live in the heart of the Bermuda Triangle with all your Monkey friends! Swing on vines, throw doo at your enemies, and climb everything! 

- Huge Maps: Explore the Bermuda Jungle, Floating Forests, Ancient Ruins, Lava Chasm, and more

- Unique Gamemodes: Be the first to collect 10 bananas or work together to fend off hordes of crocs -- new modes are coming all the time

- Monkey Apparel: Customize your body color, equip face &amp; head cosmetics, and stylize your doo",,,,,,,,,,,,,,,,,,,,,,
Wolvic,45,https://www.meta.com/en-gb/experiences/wolvic/5917120145021341/,Yes,No,,quest_query_data_metaverse,Quest,https://www.meta.com/en-gb/experiences/wolvic/5917120145021341/,0,195,,,72,"Wolvic is a secure, open source, and accessible web browser that brings all of the web&#x2019;s vast information and applications to the world of XR, and enables rich immersive WebXR experiences on the web itself. With interfaces and interaction support designed for immersive headsets, Wolvic brings you the best of both the web and XR.",,,,,,,,,,,,,,,,,,,,,,
APES,46,https://www.meta.com/en-gb/experiences/apes/5770576536320136/,Yes,No,,quest_query_data_metaverse,Quest,https://www.meta.com/en-gb/experiences/apes/5770576536320136/,0,452,,,82,"Run around as a super goofy ape with friends (if you have any.) or strangers!
From a Gleaming Cave to a Tropical Getaway, so much is in store for you in APES.",,,,,,,,,,,,,,,,,,,,,,
GRAB,47,https://www.meta.com/en-gb/experiences/grab/4104088956355944/,Yes,Yes,,quest_query_data_metaverse,Quest,https://www.meta.com/en-gb/experiences/grab/4104088956355944/,0,10615,,,98,"Experience the thrill of VR platforming in GRAB, where you can parkour through user-created levels with friends and build your own.",,,,,,,,,,,,,,,,,,,,,,
Nanome,48,https://www.meta.com/en-gb/experiences/nanome/2038368596280231/,Yes,No,,quest_query_data_metaverse,Quest,https://www.meta.com/en-gb/experiences/nanome/2038368596280231/,0,23,,,76,"Nanome is the ultimate interface for scientific discovery, starting with molecular data. With Nanome, top R&amp;D labs conduct cutting-edge research but, Nanome isn&#x2019;t just for experts, it&#x2019;s also used by students and amateur scientists studying chemistry and biology. Anyone can build 3D molecules or simulate an entire protein made of hundreds of atoms, all in one collaborative environment. Transform the way you learn and design molecular structures with Nanome. Visit nanome.ai for more info.",,,,,,,,,,,,,,,,,,,,,,
VRChat,49,https://www.meta.com/en-gb/experiences/vrchat/1856672347794301/,Yes,Yes,,quest_query_data_metaverse,Quest,https://www.meta.com/en-gb/experiences/vrchat/1856672347794301/,0,27507,,,74,Make Friends and Explore an Endless Stream of Community Made Worlds and Avatars,,,,,,,,,,,,,,,,,,,,,,
VR Hockey Reborn,50,https://www.meta.com/en-gb/experiences/vr-hockey-reborn/5307901462582204/,Yes,No,,quest_query_data_metaverse,Quest,https://www.meta.com/en-gb/experiences/vr-hockey-reborn/5307901462582204/,0,208,,,84,VR Hockey is here. Meet one of the most realistic VR hockey experiences.,,,,,,,,,,,,,,,,,,,,,,
Zenith: Nexus,51,https://www.meta.com/en-gb/experiences/zenith-nexus/3594982710558708/,Yes,No,,quest_query_data_metaverse,Quest,https://www.meta.com/en-gb/experiences/zenith-nexus/3594982710558708/,0,7201,,,84,Party up with friends in a free online action-adventure RPG! Slash mobs with magic and race across parkour challenges in quick session-based runs. Meet up with other players in the city to upgrade your gear or just hangout and shoot hoops before your next run. Sessions stays fresh with daily and weekly content rotations.,,,,,,,,,,,,,,,,,,,,,,
Fruit Ninja 2,52,https://www.meta.com/en-gb/experiences/fruit-ninja-2/4917905281646450/,Yes,No,,quest_query_data_metaverse,Quest,https://www.meta.com/en-gb/experiences/fruit-ninja-2/4917905281646450/,24.99,150,,,82,"Sp&#xfc;re das Gewicht der Klinge in deinen H&#xe4;nden und erlebe den befriedigenden Widerstand, wenn du durch die Fr&#xfc;chte schneidest und saftige Explosionen und bunte Spritzer erzeugst.
 
&#x2022; Die Modi &quot;Classic&quot;, &quot;Arcade&quot; und &quot;Zen&quot; sind zur&#xfc;ck und saftiger denn je!
&#x2022; Benutze den Bogen, um eine ganz neue Technik zum Durchstechen von Fr&#xfc;chten zu erlernen 
&#x2022; Der rasante Rhythmusmodus fordert dich heraus, mit der Musik Schritt zu halten
&#x2022; Teste deine F&#xe4;higkeiten gegen andere Ninjas!",,,,,,,,,,,,,,,,,,,,,,
Assassin’s Creed® Nexus VR,53,https://www.meta.com/en-gb/experiences/assassins-creed-nexus-vr/5812519008825194/,Yes,No,,quest_query_data_metaverse,Quest,https://www.meta.com/en-gb/experiences/assassins-creed-nexus-vr/5812519008825194/,39.99,3836,,,86,"Verk&#xf6;rpere drei legend&#xe4;re Assassinen in diesem brandneuen Assassin&#x2019;s Creed-Abenteuer mit vollem Umfang. Erlebe den packenden Parkour, den Rausch des Kampfes und die knisternde Anspannung in der Verstohlenheit aus erster Hand. Schl&#xfc;pfe in die Rolle eines Assassinen wie nie zuvor. Enth&#xfc;lle neue Erinnerungen von Ezio Auditore, Kassandra und Connor, w&#xe4;hrend du daran arbeitest, Abstergo daran zu hindern, dass sie die Macht erlangen, um den Glauben der Menschen zu manipulieren.",,,,,,,,,,,,,,,,,,,,,,
Monkey Mischief,54,https://www.meta.com/en-gb/experiences/monkey-mischief/5077064592389695/,Yes,No,,quest_query_data_metaverse,Quest,https://www.meta.com/en-gb/experiences/monkey-mischief/5077064592389695/,0,2680,,,68,"Monkey Mischief is a multiplayer locomotion based VR game for Meta Quest. You  can mess around with your friends or just be monkeys and climb the architecture! However, you can customize and make your monkey unique using cosmetics in our shop, and even purchase Nanas to be dripped out to the max! There are game-modes to also play with your friends to test your skills against each other! Have fun!",,,,,,,,,,,,,,,,,,,,,,
Virtual Virtual Reality 2,55,https://www.meta.com/en-gb/experiences/virtual-virtual-reality-2/2731491443600205/,Yes,No,,quest_query_data_metaverse,Quest,https://www.meta.com/en-gb/experiences/virtual-virtual-reality-2/2731491443600205/,17.99,317,,,76,"Give that mech a tune-up! Now with refined steering, quest guides, gameplay improvements and new content. Plus! Play matchmaker during the apocalypse and help lonely souls find their merge mate.

In this darkly funny action/adventure game, pilot your mech body through the chaos of a dying metaverse, rescuing abandoned avatars along the way. Each new avatar-roommate brings unique tools to aid your escape back to meatspace!",,,,,,,,,,,,,,,,,,,,,,
Gods of Gravity,56,https://www.meta.com/en-gb/experiences/gods-of-gravity/3919415921458774/,Yes,No,,quest_query_data_metaverse,Quest,https://www.meta.com/en-gb/experiences/gods-of-gravity/3919415921458774/,0,2026,,,88,"Gods of Gravity is a social, arcade-style RTS game where you compete in an epic showdown of celestial gods. Scoop up ships and fling them to capture a nearby planet, or open wormholes to teleport them across the solar system. Hold planets and moons to boost your production. Mine asteroids for the powerful resources within. And if you dare, capture the sun for the ultimate buff. Then send a massive fleet to conquer your enemy&#x2019;s home planet. Last god standing wins.",,,,,,,,,,,,,,,,,,,,,,
On The Morning You Wake (To the End of The World),57,https://www.meta.com/en-gb/experiences/on-the-morning-you-wake-to-the-end-of-the-world/5334662579895130/,Yes,No,,quest_query_data_metaverse,Quest,https://www.meta.com/en-gb/experiences/on-the-morning-you-wake-to-the-end-of-the-world/5334662579895130/,0,284,,,82,"On the Morning You Wake (to the End of the World) ist ein Virtual-Reality-Dokumentarfilm &#xfc;ber einen falschen Raketenalarm :
Am 13. Januar 2018 um 08:08 Uhr bekamen 1,4 Millionen Bewohner:innen von Hawai&#039;i folgende Warnung per SMS:
BEDROHUNG DURCH BALLISTISCHE RAKETE RICHTUNG HAWAII. SUCHEN SIE SOFORT SCHUTZ. DIES IST KEINE &#xdc;BUNG.
Panik erfasste die Hawaiische Bev&#xf6;lkerung und deren Freunde und Verwandte auf der ganzen Welt, allen wurde bewusst, wie real die heutige nukleare Bedrohung ist.",,,,,,,,,,,,,,,,,,,,,,
Felix & Paul Studios 2024,58,https://www.meta.com/en-gb/experiences/felix-paul-studios-2024/25867502682848132/,Yes,No,,quest_query_data_metaverse,Quest,https://www.meta.com/en-gb/experiences/felix-paul-studios-2024/25867502682848132/,0,4,,,80,"Explore the vast and varied cinematic virtual reality worlds of EMMY award-winning Felix &amp; Paul Studios.

Go from awe-inspiring romps through Jurassic World, to a first-hand tour of The White House. Join the patrons at historic Ben&#039;s Chili Bowl or step into Patrick Watson&#x2019;s studio for an exclusive and intimate musical performance. 

Start now and see the portal grow with more Felix &amp; Paul Studios&#x2019; award-winning work featuring top franchises, leaders and performers from around the world.",,,,,,,,,,,,,,,,,,,,,,
UNDERDOGS,59,https://www.meta.com/en-gb/experiences/underdogs/5302178529865980/,Yes,No,,quest_query_data_metaverse,Quest,https://www.meta.com/en-gb/experiences/underdogs/5302178529865980/,20.99,1223,,,98,"Schnalle dir 5 Tonnen Metall um und st&#xfc;rze dich in eine finstere Szenerie aus UNDERGROUND MECH FIGHTS! Zerschlage, zerschmettere, und zerrei&#xdf;e deine Feinde - das ist pure Metall-auf-Metall-Gewalt in diesem physikbasierten Mech-Brawler.

Statte dich mit &#xfc;ber 100 verschiedenen Gegenst&#xe4;nden aus, zum Beispiel Kettens&#xe4;gen und Abbruchbirnen, die diese Stra&#xdf;en beherrschen und k&#xe4;mpfe dich unter dem Gebr&#xfc;ll der blutr&#xfc;nstigen Menge in der Nahrungskette nach oben.

Willkommen im Dschungel.",,,,,,,,,,,,,,,,,,,,,,
ShapesXR,60,https://www.meta.com/en-gb/experiences/shapesxr/3899112273551602/,Yes,No,,quest_query_data_metaverse,Quest,https://www.meta.com/en-gb/experiences/shapesxr/3899112273551602/,0,326,,,82,"ShapesXR is a creation and collaboration platform for remote teams.
In ShapesXR you start creating in 3D within minutes without prior experience.

Product teams use Shapes XR to design and prototype immersive apps and create storyboards and user flows in 3D.

ShapesXR especially shines on Meta Quest Pro and supports avatars with eye and mouth tracking, full-color passthrough, and Stylus controllers for commenting and quick sketching.",,,,,,,,,,,,,,,,,,,,,,
SHOOTOUT,61,https://www.meta.com/en-gb/experiences/shootout/5555992527808989/,Yes,No,,quest_query_data_metaverse,Quest,https://www.meta.com/en-gb/experiences/shootout/5555992527808989/,0,736,,,82,"SHOOTOUT is a free to play multiplayer shooter where you get to build your own weapons and abilities!

Explore the depth that this game has to offer and strategize in a PvE arena and then jump into 3v3 PvP Game Modes to battle it out with other players. 

Started off a match wanting to be a support but midway realize that you want to change your playstyle? You would have 19 parts to combine freely that make up over 1000 combinations!",,,,,,,,,,,,,,,,,,,,,,
Fracked,62,https://www.meta.com/en-gb/experiences/fracked/8074885222534394/,Yes,No,,quest_query_data_metaverse,Quest,https://www.meta.com/en-gb/experiences/fracked/8074885222534394/,17.99,21,,,92,"THE AWARD-WINNING ACTION BLOCKBUSTER RETURNS...MORE EXPLOSIVE THAN EVER

Before nDreams&#x2019; critically acclaimed Synapse and the frenetic chaos of Frenzies, there was Fracked. The original trailblazing VR action adventure that seamlessly collides relentless &#x201c;run and cover&#x201d; gunfights with free and fluid skiing and climbing. Uncompromising, audacious, and unashamedly stylish, Fracked grabs VR by the Touch Controllers to deliver a truly ass-kicking virtual reality experience!",,,,,,,,,,,,,,,,,,,,,,
XRWorkout,63,https://www.meta.com/en-gb/experiences/xrworkout/8266372770101746/,Yes,Yes,,quest_query_data_metaverse,Quest,https://www.meta.com/en-gb/experiences/xrworkout/8266372770101746/,0,246,,,78,"The ultimate full body fitness game that follows YOUR rules. Pushing the boundaries of movement in VR with hand tracking and rhythm based bodyweight exercises.
Join or build circles that workout together around the globe with multiplayer group workouts. 
With a unique mixed reality passthrough workout for smaller spaces and a true gym in a bag if you take it on your next trip.",,,,,,,,,,,,,,,,,,,,,,
Autodesk Workshop XR,64,https://www.meta.com/en-gb/experiences/autodesk-workshop-xr/6311586865616787/,Yes,Yes,,quest_query_data_metaverse,Quest,https://www.meta.com/en-gb/experiences/autodesk-workshop-xr/6311586865616787/,0,6,,,46,"Immersive workspace, connected to Autodesk Construction Cloud | Review and collaborate in your 3D models.",,,,,,,,,,,,,,,,,,,,,,
Penguin Paradise,65,https://www.meta.com/en-gb/experiences/penguin-paradise/5817303821616533/,Yes,No,,quest_query_data_metaverse,Quest,https://www.meta.com/en-gb/experiences/penguin-paradise/5817303821616533/,0,4531,,,82,"Slide on in with your friends, and play around as a penguin in an arctic environment! Freeze each other with snowballs in Penguin Royale, race down a slippery track on sleds, hunt penguins as a Yeti or BE hunted, or just relax on the half-pipes with your skis. There&#039;s always something to do in paradise!",,,,,,,,,,,,,,,,,,,,,,
MAYA: The Birth of a Superhero,66,https://www.meta.com/en-gb/experiences/maya-the-birth-of-a-superhero/8508005729209838/,Yes,No,,quest_query_data_metaverse,Quest,https://www.meta.com/en-gb/experiences/maya-the-birth-of-a-superhero/8508005729209838/,0,102,,,64,"Winner of the &#x2018;New Voices&#x2019; Special Jury Mention Prize at the 2023 Tribeca Festival, nominated for Festival de Cannes Comp&#xe9;tition Immersive 2024 and SXSW XR Competition 2024. 

An immersive story following Maya, an ordinary 21st Century girl, as she transforms into a uniquely female superhero whose powers derive from menstruation.

Staring Indira Varma (Game of Thrones), Charithra Chandran (Bridgerton) it was created by renowed artist and activist, Poulomi Basu and co-directed with CJ Clarke.",,,,,,,,,,,,,,,,,,,,,,
X8,67,https://www.meta.com/en-gb/experiences/x8/4518172508241377/,Yes,No,,quest_query_data_metaverse,Quest,https://www.meta.com/en-gb/experiences/x8/4518172508241377/,0,2827,,,96,"X8 is the FREE TO PLAY next generation Hero Shooter!

Executing its directive to assemble worthy opponents, the rogue mod X8 has collected characters from across different game franchises. Players embody a variety of heroes and engage in 5v5 VR battles to restore a path back to their worlds.",,,,,,,,,,,,,,,,,,,,,,
Gravity League,68,https://www.meta.com/en-gb/experiences/gravity-league/5934280436582748/,Yes,No,,quest_query_data_metaverse,Quest,https://www.meta.com/en-gb/experiences/gravity-league/5934280436582748/,0,425,,,86,"Welcome to the future of ball games! 

In a world where gravity is no longer a limitation, the Gravity League has become the ultimate test of skill and endurance for athletes from all corners of the galaxy.

The rules are simple: 2 players, 1 ball, zero gravity - the first player to get 11 goals wins.

So strap on your Gravity Gloves and get ready to take on the competition!",,,,,,,,,,,,,,,,,,,,,,
NHL SENSE ARENA,69,https://www.meta.com/en-gb/experiences/nhl-sense-arena/3454538864674405/,Yes,No,,quest_query_data_metaverse,Quest,https://www.meta.com/en-gb/experiences/nhl-sense-arena/3454538864674405/,0,544,,,80,"Available Plans:
- $29.99 - Base Game, or
- Training product subscription starting at $34/month (paid $399.99 annually)
Experience the thrill of ice hockey with NHL Sense Arena, the only NHL-licensed VR game simulation and training platform. Play as your favorite NHL team, and strive for victory in the NHL Season mode and the 2024 Stanley Cup Playoffs! Advance your skills with our training subscription, featuring over 100+ USA Hockey approved drills and plans, with extra arenas to explore.",,,,,,,,,,,,,,,,,,,,,,
Campfire,70,https://www.meta.com/en-gb/experiences/campfire/6927340777330402/,Yes,No,,quest_query_data_metaverse,Quest,https://www.meta.com/en-gb/experiences/campfire/6927340777330402/,0,34,,,76,"Campfire is the best way to communicate 3D information across the physical product lifecycle. Whether you&#039;re streamlining design reviews, sales presentations, or technical training, Campfire makes it easier than ever.

A NEW APPROACH Campfire is designed for the way people communicate most naturally &#x2013; around things. Instead of sharing screenfuls of CAD, images, and text, you share interactive 3D content with your team around it, even if they&#039;re around the globe.",,,,,,,,,,,,,,,,,,,,,,
MiRacle Pool,71,https://www.meta.com/en-gb/experiences/miracle-pool/7067612163334384/,Yes,No,,quest_query_data_metaverse,Quest,https://www.meta.com/en-gb/experiences/miracle-pool/7067612163334384/,14.99,925,,,96,"&#x1f3b1; The Premier Pool Simulator with the most realistic ball physics and easy cue stick handling, all made for mixed reality! Game Modes include: Single Player, Multiplayer, Private Matches, Mini Games, Daily Challenges and Practice Mode. Earn XP, rank up and unlock new table designs, balls, cues and more! Play in any size room you have!",,,,,,,,,,,,,,,,,,,,,,
Tank Arena: Ultimate League,72,https://www.meta.com/en-gb/experiences/tank-arena-ultimate-league/23911676798446391/,Yes,No,,quest_query_data_metaverse,Quest,https://www.meta.com/en-gb/experiences/tank-arena-ultimate-league/23911676798446391/,5.99,54,,,82,"- Tank Arena: Ultimate League bringt aufregende Updates!
- Deathmatch-Revolution: Von Pulse Tower zu einem Deathmatch.
- Neues Lounge-Erlebnis: Steige im Ranking auf und spiele Mini-Games.
- Training Ground: Teste 8 Panzer und ihre F&#xe4;higkeiten.
- Epische Features: Bildet 4er-Teams f&#xfc;r futuristische K&#xe4;mpfe.
- Soziale Interaktion: Triff neue Freunde im Lounge und f&#xfc;ge sie hinzu.",,,,,,,,,,,,,,,,,,,,,,
Yeeps: Hide and Seek,73,https://www.meta.com/en-gb/experiences/yeeps-hide-and-seek/7276525889052788/,Yes,Yes,,quest_query_data_metaverse,Quest,https://www.meta.com/en-gb/experiences/yeeps-hide-and-seek/7276525889052788/,0,53273,,,98,"Yeeps: Hide and Seek takes the best movement VR has to offer and builds on it, literally! Your belly is full of stuffing used to craft anything from pillows for building to bombs for destruction. Pull items from your vast imagination and toss them into the world. The game&#x2019;s intuitive block-based building makes it easy to express your creativity at any skill level.",,,,,,,,,,,,,,,,,,,,,,
ForeVR Cornhole,74,https://www.meta.com/en-gb/experiences/forevr-cornhole/5011588462297991/,Yes,No,,quest_query_data_metaverse,Quest,https://www.meta.com/en-gb/experiences/forevr-cornhole/5011588462297991/,0,512,,,82,"ForeVR den ganzen Sommer!

Erlebe die f&#xfc;r alle W&#xfc;rfe und Strategien ma&#xdf;geschneiderte Bag-Physik mit so viel Realismus wie m&#xf6;glich.

&#x1f33d; &#xdc;ber 50 einzigartige Bags und Boards
&#x1f33d; 5 Hallen
&#x1f33d; Herausforderbare Profi-NSC in jeder Halle
&#x1f33d; YouTube-Jukebox
&#x1f33d; Private und &#xf6;ffentliche Mehrspielerpartien
&#x1f33d; Teamspiele f&#xfc;r 1v1 oder 2v2

Bags, Sack Toss, Dummy Boards, Beanbag Toss &#x2026; Wie man es auch nennt, es ist das beste Rasenspiel der Welt. ForeVR Cornhole ist das beste (und erste!) Cornhole-Spiel in VR!",,,,,,,,,,,,,,,,,,,,,,
First Touch for Meta Quest Touch Pro controllers,75,https://www.meta.com/en-gb/experiences/first-touch-for-meta-quest-touch-pro-controllers/5808929989145615/,Yes,No,,quest_query_data_metaverse,Quest,https://www.meta.com/en-gb/experiences/first-touch-for-meta-quest-touch-pro-controllers/5808929989145615/,0,85,,,82,"Grab your Meta Quest Touch Pro controllers and learn how they can improve your experience with this short tutorial. Enter your studio and enjoy the simple pleasure of painting in a nice, relaxing environment.",,,,,,,,,,,,,,,,,,,,,,
Tiger Blade,76,https://www.meta.com/en-gb/experiences/tiger-blade/4741795092599205/,Yes,No,,quest_query_data_metaverse,Quest,https://www.meta.com/en-gb/experiences/tiger-blade/4741795092599205/,18.99,51,,,90,"CHALLENGES UPDATE #3 ist live und f&#xfc;hrt zwei neue Levels in den Herausforderungsmodus des Spiels ein: Survival 2 und Twin&#039;s Lair.

---

Schl&#xfc;pfe in einem alternativen Korea in die Rolle eines t&#xf6;dlichen Attent&#xe4;ters, der ein seltenes Tigerbaby stiehlt. Nehme an adrenalingeladenen Schwert- und Pistolenk&#xe4;mpfen teil, erkunde detaillierte Umgebungen und brenne deinen Namen in die Online-Ranglisten ein. Werde der ultimative koreanische Actionheld!",,,,,,,,,,,,,,,,,,,,,,
Naer,77,https://www.meta.com/en-gb/experiences/naer/3758954627491820/,Yes,Yes,,quest_query_data_metaverse,Quest,https://www.meta.com/en-gb/experiences/naer/3758954627491820/,0,31,,,92,"Fun, focused workshops for hybrid working teams",,,,,,,,,,,,,,,,,,,,,,
Hoame,78,https://www.meta.com/en-gb/experiences/hoame/6148239151883485/,Yes,No,,quest_query_data_metaverse,Quest,https://www.meta.com/en-gb/experiences/hoame/6148239151883485/,0,249,,,68,"Meditate, move, and breathe with us to live a happier life! Start your 7-day FREE trial today and unlock your full potential.  

NEW UPDATE: MIXED REALITY
Customize your meditation studio and enjoy your favourite classes.
 
FACE-TO-FACE GUIDANCE
Enjoy 350+ guided meditations with expert instructors.

MINDFULNESS IN MOTION
Move with intention in our mind-body workout, Rise!
 
BREATHE EASY
Breathe life into your practice with breathwork classes.

Start your journey today. See you on the cushion!",,,,,,,,,,,,,,,,,,,,,,
Aim XR,79,https://www.meta.com/en-gb/experiences/aim-xr/4245506092131005/,Yes,No,,quest_query_data_metaverse,Quest,https://www.meta.com/en-gb/experiences/aim-xr/4245506092131005/,0,1259,,,86,"Fast-paced multiplayer, run-and-gun shooter. 6v6 players",,,,,,,,,,,,,,,,,,,,,,
Witchblood,80,https://www.meta.com/en-gb/experiences/witchblood/7221491444554579/,Yes,No,,quest_query_data_metaverse,Quest,https://www.meta.com/en-gb/experiences/witchblood/7221491444554579/,11.99,272,,,88,"Erkunde in diesem atemberaubenden Mixed-Reality-Abenteuer, das von Metroid&#xae; und Castlevania&#xae; inspiriert ist, ein komplexes Diorama voller verborgener Sch&#xe4;tze, herausfordernder R&#xe4;tsel, furchterregender Gegner und m&#xe4;chtiger Magie.

Mit &#xfc;ber 6 Stunden Erkundung und Kampf, Hunderten von R&#xe4;umen, 40 Upgrades und 4 Schwierigkeitsstufen, die es zu meistern gilt, &#xfc;bertr&#xe4;gt Witchblood klassisches Gaming in die virtuelle Realit&#xe4;t.",,,,,,,,,,,,,,,,,,,,,,
Little Cities,81,https://www.meta.com/en-gb/experiences/little-cities/4988470131168299/,Yes,No,,quest_query_data_metaverse,Quest,https://www.meta.com/en-gb/experiences/little-cities/4988470131168299/,19.99,675,,,90,"Setze dein Headset auf und tauche in die charmante Welt des gem&#xfc;tlichen VR-St&#xe4;dtebauspiels Little Cities ein.
Kreiere deine Stadt und lasse sie vor deinen Augen zum Leben erwachen. Beobachte die Bewohner auf deiner Insel, die vom verschlafenen Dorf zur lebhaften Metropole heranw&#xe4;chst. Plane und erschaffe eine Stadt, in der man liebend gerne wohnt. Einfach zu lernen, aber so viel zu entdecken, verwirkliche mit Little Cities deine gr&#xf6;&#xdf;ten Ideen!",,,,,,,,,,,,,,,,,,,,,,
Painting VR,82,https://www.meta.com/en-gb/experiences/painting-vr/3106117596158066/,Yes,No,,quest_query_data_metaverse,Quest,https://www.meta.com/en-gb/experiences/painting-vr/3106117596158066/,19.99,616,,,86,"Take a break from the stress of daily life with this must-have virtual painter&#x2019;s studio. Even if you think you&#x2019;re not a creative person, Painting VR might prove you wrong. 

Be amazed by what you can create in this hands-on experience with unlimited supplies of paint, canvases, and all the tools you need.",,,,,,,,,,,,,,,,,,,,,,
Yupitergrad 2: The Lost Station,83,https://www.meta.com/en-gb/experiences/yupitergrad-2-the-lost-station/4446075785447064/,Yes,No,,quest_query_data_metaverse,Quest,https://www.meta.com/en-gb/experiences/yupitergrad-2-the-lost-station/4446075785447064/,17.99,66,,,84,"Epic action-adventure is back. Yupitergrad 2: The Lost Station raises the stakes. Check out the refined movement and combat system, evade obstacles, and see what surprises the new space journey will bring.  
Taste new challenges, use new items, and discover the secret of the abandoned base.
It&#039;s a mix of arcade, parkour, and puzzles, metroidvania style. It&#039;s an experience that has never been deeply explored in VR before.",,,,,,,,,,,,,,,,,,,,,,
Retreat,84,https://www.meta.com/en-gb/experiences/retreat/6514531415240007/,Yes,No,,quest_query_data_metaverse,Quest,https://www.meta.com/en-gb/experiences/retreat/6514531415240007/,0,55,,,62,"Ready to level up your skills, have fun, and meet new people? You don&#039;t want to miss this amazing opportunity! Think of it like an adult summer camp - with courses from top experts in Art &amp; Creativity, Career &amp; Entrepreneurship, Financial Well-Being to Holistic Wellness. Get exclusive access and ask questions directly from world renowned instructors who are sharing decades worth of their expertise through immersive experiences. Upgrade your real world Avatar, that is you!",,,,,,,,,,,,,,,,,,,,,,
Figmin XR | Mixed Reality,85,https://www.meta.com/en-gb/experiences/figmin-xr-mixed-reality/6849182851823457/,Yes,Yes,,quest_query_data_metaverse,Quest,https://www.meta.com/en-gb/experiences/figmin-xr-mixed-reality/6849182851823457/,19.99,143,,,88,"Create, Collect &amp; Play in Mixed Reality!

Figmin XR is a fun spatial computing application that lets you create your own mixed reality scenes. Multiplayer supported.",,,,,,,,,,,,,,,,,,,,,,
Zero Caliber 2,86,https://www.meta.com/en-gb/experiences/zero-caliber-2/6072194326150034/,Yes,No,,quest_query_data_metaverse,Quest,https://www.meta.com/en-gb/experiences/zero-caliber-2/6072194326150034/,27.99,492,,,88,"8+ hour single player/Co-op campaign, cinematic action, explosions, 59+ weapons and skins to unlock, PvP, mods, airstrikes, all in one single package - this is Zero Caliber 2, the sequel to our critically acclaimed Zero Caliber: Reloaded military shooter. See you on the virtual battlefields! o7",,,,,,,,,,,,,,,,,,,,,,
PatchWorld - Multiplayer Music Maker,87,https://www.meta.com/en-gb/experiences/patchworld-multiplayer-music-maker/3715150718552632/,Yes,Yes,,quest_query_data_metaverse,Quest,https://www.meta.com/en-gb/experiences/patchworld-multiplayer-music-maker/3715150718552632/,29.99,225,,,94,"Discover the ultimate VR playground in PatchWorld! Create and explore boundless worlds, build your dream music studio, and connect with friends globally. Now bring your Ready Player Me avatars. Unique to Meta Quest 3 and Meta Quest Pro: Capture your mixed reality adventures and musical creations and share on social media.",,,,,,,,,,,,,,,,,,,,,,
MLK: Now is the Time,88,https://www.meta.com/en-gb/experiences/mlk-now-is-the-time/4790561384366997/,Yes,No,,quest_query_data_metaverse,Quest,https://www.meta.com/en-gb/experiences/mlk-now-is-the-time/4790561384366997/,0,96,,,80,"Dr. Martin Luther King&#039;s iconic &quot;I Have a Dream&quot; speech contains messages that still resonate today, sixty years later.  
 
&#x201c;MLK: Now is the Time&#x201d; is an immersive journey that explores key themes of Dr. King&#039;s speech and highlights systemic inequities that persist in our society. Through first-person stories and interactions, &#x201c;MLK: Now is the Time&#x201d; drops you into a thoroughly modern interpretation of a contemporary March on Washington that will inform and inspire a new generation of activists.",,,,,,,,,,,,,,,,,,,,,,
Ultimechs,89,https://www.meta.com/en-gb/experiences/ultimechs/5118731164870081/,Yes,No,,quest_query_data_metaverse,Quest,https://www.meta.com/en-gb/experiences/ultimechs/5118731164870081/,0,698,,,84,"Die Torzonen leuchten auf. Die Menge br&#xfc;llt. Ein perfekt entwickelter, von dir gesteuerter Mech betritt die Arena. Ultimechs ist ein kostenloses VR-Spiel, in dem Spieler in der Sportart der Zukunft Hochleistungsmechs aus der Ferne steuern k&#xf6;nnen, w&#xe4;hrend sie rasen, schlagen und punkten, um den Sieg zu erringen. 

Ultimechs &#x2013; ein Spiel mit gro&#xdf;en Robotern und noch gr&#xf6;&#xdf;eren Toren von den Sportskanonen bei Resolution Games.",,,,,,,,,,,,,,,,,,,,,,
Deisim,90,https://www.meta.com/en-gb/experiences/deisim/3526702020710931/,Yes,No,,quest_query_data_metaverse,Quest,https://www.meta.com/en-gb/experiences/deisim/3526702020710931/,14.99,1548,,,92,"Lebe die Erfahrung, ein allm&#xe4;chtiger Gott zu sein. Erschaffe deine eigene Welt und f&#xfc;hre die Menschheit von der Steinzeit bis zur Neuzeit und dar&#xfc;ber hinaus.",,,,,,,,,,,,,,,,,,,,,,
Warplanes: Air Corp,91,https://www.meta.com/en-gb/experiences/warplanes-air-corp/5014131998634540/,Yes,No,,quest_query_data_metaverse,Quest,https://www.meta.com/en-gb/experiences/warplanes-air-corp/5014131998634540/,19.99,396,,,84,"Rule the skies of modern battlefield. Pilot fighter jets, helicopters and a variety of military aircraft.

&#x25cf; The third installment of the hit Warplanes series that takes us to the modern battlefield.
&#x25cf; Acquire machines inspired by the best military aircraft and helicopters from around the world.
&#x25cf; Play solo or fight online in co-op or classic PvP multiplayer.
&#x25cf; Surpass your enemies thanks to friendly flight model, intuitive controls and advanced targeting systems.",,,,,,,,,,,,,,,,,,,,,,
Noda,92,https://www.meta.com/en-gb/experiences/noda/3916601848368970/,Yes,No,,quest_query_data_metaverse,Quest,https://www.meta.com/en-gb/experiences/noda/3916601848368970/,0,183,,,70,"Noda: Unleash your creativity and productivity with AI-powered immersive ideation. Build and share 3D mental models, from mind maps to logic flow diagrams. Import data, web content, and export your vision in a spatial understanding. Explore your mind in a whole new dimension.",,,,,,,,,,,,,,,,,,,,,,
Kartoffl,93,https://www.meta.com/en-gb/experiences/kartoffl/4725588970834544/,Yes,No,,quest_query_data_metaverse,Quest,https://www.meta.com/en-gb/experiences/kartoffl/4725588970834544/,9.99,51,,,96,"Kartoffl ist ein l&#xe4;cherlich s&#xfc;&#xdf;es, aber herausforderndes VR-Puzzlespiel mit Lemmings-&#xe4;hnlichen vibes.",,,,,,,,,,,,,,,,,,,,,,
Asgard's Wrath 2,94,https://www.meta.com/en-gb/experiences/asgards-wrath-2/2603836099654226/,Yes,No,,quest_query_data_metaverse,Quest,https://www.meta.com/en-gb/experiences/asgards-wrath-2/2603836099654226/,59.99,4717,,,84,"Lokis Chaos breitet sich aus. Verfolge ihn in diesem epischen VR-ARPG mit sterblichen Helden und ihren einzigartigen Waffen und Spielstilen durch uralte &#xe4;gyptische Reiche der G&#xf6;tter. Erkunde diese riesige, frei begehbare, lebende Weld und bek&#xe4;mpfe t&#xf6;dliche mythische Kreaturen, gehe auf Quests, fertige, l&#xf6;se R&#xe4;tsel und mache Tiere zu Kampfgef&#xe4;hrten. Das Schicksal der Realit&#xe4;t liegt in dieser mit Spannung erwarteten Fortsetzung eines der bestbewerteten VR-Spiele aller Zeiten in deinen H&#xe4;nden.",,,,,,,,,,,,,,,,,,,,,,
Wooorld,95,https://www.meta.com/en-gb/experiences/wooorld/4360608937312293/,Yes,Yes,,quest_query_data_metaverse,Quest,https://www.meta.com/en-gb/experiences/wooorld/4360608937312293/,0,455,,,70,"Dive into Wooorld, an immersive social platform bringing a 3D map of the world into your room in Mixed Reality. Explore cities, landmarks, natural wonders with rich content from Wikipedia and Google Maps. Challenge yourself with the location guessing game &quot;Where in the Wooorld&quot;. Plan trips with the help of a global community of explorers. Enjoy AI-powered Tours, customizations, safety &amp; accessibility features.

Enjoy Wooorld for Free, or unlock premium features with Explorer+ &amp; Player+ add-ons.",,,,,,,,,,,,,,,,,,,,,,