Application Name,Order Number,page,accessible,Social,hmd,origin,Store,Store URL,Price,Number of Reviews,focus,count,Rating
War Thunder,1,,,No,,steam_query_data_vr_multiplayer,Steam,https://store.steampowered.com/app/236390/War_Thunder/?snr=1_7_7_151_150_1,,529170,,,73%
VRChat,2,,,Yes,,steam_query_data_vr_multiplayer,Steam,https://store.steampowered.com/app/438100/VRChat/?snr=1_7_7_151_150_1,,223785,,,74%
DCS World Steam Edition,3,,,No,,steam_query_data_vr_multiplayer,Steam,https://store.steampowered.com/app/223750/DCS_World_Steam_Edition/?snr=1_7_7_151_150_1,,34035,,,85%
Rec Room,4,,,Yes,,steam_query_data_vr_multiplayer,Steam,https://store.steampowered.com/app/471710/Rec_Room/?snr=1_7_7_151_150_1,,65671,,,90%
Scary Ghost VR Demo: Multiplayer,5,,,No,,steam_query_data_vr_multiplayer,Steam,https://store.steampowered.com/app/3063780/Scary_Ghost_VR_Multiplayer/?snr=1_7_7_151_150_1,,0,,,-
Real Pool 3D - Poolians,6,,,No,,steam_query_data_vr_multiplayer,Steam,https://store.steampowered.com/app/670290/Real_Pool_3D__Poolians/?snr=1_7_7_151_150_1,,13824,,,77%
RaceRoom Racing Experience,7,,,No,,steam_query_data_vr_multiplayer,Steam,https://store.steampowered.com/app/211500/RaceRoom_Racing_Experience/?snr=1_7_7_151_150_1,,21607,,,74%
One-armed cook,8,,,No,,steam_query_data_vr_multiplayer,Steam,https://store.steampowered.com/app/1977530/Onearmed_cook/?snr=1_7_7_151_150_1,,24426,,,92%
Vegas Infinite by PokerStars,9,,,,,steam_query_data_vr_multiplayer,Steam,https://store.steampowered.com/app/886250/Vegas_Infinite_by_PokerStars/?snr=1_7_7_151_150_1,,5852,,,81%
WGT Golf,10,,,,,steam_query_data_vr_multiplayer,Steam,https://store.steampowered.com/app/1182020/WGT_Golf/?snr=1_7_7_151_150_1,,2611,,,62%
McOsu,11,,,No,,steam_query_data_vr_multiplayer,Steam,https://store.steampowered.com/app/607260/McOsu/?snr=1_7_7_151_150_1,,6005,,,88%
SCP: Labrat,12,,,No,,steam_query_data_vr_multiplayer,Steam,https://store.steampowered.com/app/1402020/SCP_Labrat/?snr=1_7_7_151_150_1,,3646,,,82%
Google Earth VR,13,,,No,,steam_query_data_vr_multiplayer,Steam,https://store.steampowered.com/app/348250/Google_Earth_VR/?snr=1_7_7_151_150_1,,3815,,,94%
Propagation VR,14,,,No,,steam_query_data_vr_multiplayer,Steam,https://store.steampowered.com/app/1363430/Propagation_VR/?snr=1_7_7_151_150_1,,5343,,,94%
Bigscreen Beta,15,,,Yes,,steam_query_data_vr_multiplayer,Steam,https://store.steampowered.com/app/457550/Bigscreen_Beta/?snr=1_7_7_151_150_1,,3068,,,85%
Resonite,16,,,Yes,,steam_query_data_vr_multiplayer,Steam,https://store.steampowered.com/app/2519830/Resonite/?snr=1_7_7_151_150_1,,1041,,,82%
Tales of Escape,17,,,No,,steam_query_data_vr_multiplayer,Steam,https://store.steampowered.com/app/587860/Tales_of_Escape/?snr=1_7_7_151_150_1,,2034,,,62%
Epic Roller Coasters,18,,,No,,steam_query_data_vr_multiplayer,Steam,https://store.steampowered.com/app/787790/Epic_Roller_Coasters/?snr=1_7_7_151_150_1,,656,,,64%
Rise of Flight United,19,,,No,,steam_query_data_vr_multiplayer,Steam,https://store.steampowered.com/app/244050/Rise_of_Flight_United/?snr=1_7_7_151_150_1,,2467,,,55%
ChilloutVR,20,,,Yes,,steam_query_data_vr_multiplayer,Steam,https://store.steampowered.com/app/661130/ChilloutVR/?snr=1_7_7_151_150_1,,2332,,,81%
Zaccaria Pinball,21,,,No,,steam_query_data_vr_multiplayer,Steam,https://store.steampowered.com/app/444930/Zaccaria_Pinball/?snr=1_7_7_151_150_1,,1475,,,83%
SinVR,22,,,No,,steam_query_data_vr_multiplayer,Steam,https://store.steampowered.com/app/966870/SinVR/?snr=1_7_7_151_150_1,,1255,,,59%
IronWolf: Free Non-VR Edition,23,,,No,,steam_query_data_vr_multiplayer,Steam,https://store.steampowered.com/app/2530670/IronWolf_Free_NonVR_Edition/?snr=1_7_7_151_150_1,,435,,,94%
Tabletopia,24,,,No,,steam_query_data_vr_multiplayer,Steam,https://store.steampowered.com/app/402560/Tabletopia/?snr=1_7_7_151_150_1,,1577,,,63%
Hyper Dash,25,,,No,,steam_query_data_vr_multiplayer,Steam,https://store.steampowered.com/app/1386890/Hyper_Dash/?snr=1_7_7_151_150_1,,299,,,87%
Tribe XR | DJ Academy,26,,,Yes,,steam_query_data_vr_multiplayer,Steam,https://store.steampowered.com/app/877850/Tribe_XR__DJ_Academy/?snr=1_7_7_151_150_1,,272,,,83%
Chaos,27,,,No,,steam_query_data_vr_multiplayer,Steam,https://store.steampowered.com/app/1230410/Chaos/?snr=1_7_7_151_150_1,,3862,,,88%
VirtualCast,28,,,Yes,,steam_query_data_vr_multiplayer,Steam,https://store.steampowered.com/app/947890/VirtualCast/?snr=1_7_7_151_150_1,,99,,,78%
FPS Game: Dev Test,29,,,No,,steam_query_data_vr_multiplayer,Steam,https://store.steampowered.com/app/1901200/FPS_Game_Dev_Test/?snr=1_7_7_151_150_1,,1397,,,85%
Cards & Tankards,30,,,Yes,,steam_query_data_vr_multiplayer,Steam,https://store.steampowered.com/app/1506850/Cards__Tankards/?snr=1_7_7_151_150_1,,769,,,89%
Surgeon Simulator VR: Meet The Medic,31,,,No,,steam_query_data_vr_multiplayer,Steam,https://store.steampowered.com/app/457420/Surgeon_Simulator_VR_Meet_The_Medic/?snr=1_7_7_151_150_1,,518,,,76%
Aces High III,32,,,No,,steam_query_data_vr_multiplayer,Steam,https://store.steampowered.com/app/651090/Aces_High_III/?snr=1_7_7_151_150_1,,385,,,59%
Blaston,33,,,No,,steam_query_data_vr_multiplayer,Steam,https://store.steampowered.com/app/1427890/Blaston/?snr=1_7_7_151_150_1,,553,,,91%
Zenith: Nexus,34,,,Yes,,steam_query_data_vr_multiplayer,Steam,https://store.steampowered.com/app/1403370/Zenith_Nexus/?snr=1_7_7_151_150_1,,4393,,,69%
Desert Bus VR,35,,,No,,steam_query_data_vr_multiplayer,Steam,https://store.steampowered.com/app/638110/Desert_Bus_VR/?snr=1_7_7_151_150_1,,1698,,,88%
Star Wars: Droid Repair Bay,36,,,No,,steam_query_data_vr_multiplayer,Steam,https://store.steampowered.com/app/726910/Star_Wars_Droid_Repair_Bay/?snr=1_7_7_151_150_1,,504,,,89%
Museum of Other Realities,37,,,Yes,,steam_query_data_vr_multiplayer,Steam,https://store.steampowered.com/app/613900/Museum_of_Other_Realities/?snr=1_7_7_151_150_1,,403,,,91%
GRAB,38,,,No,,steam_query_data_vr_multiplayer,Steam,https://store.steampowered.com/app/1701130/GRAB/?snr=1_7_7_151_150_1,,88,,,90%
Shattered Lights,39,,,No,,steam_query_data_vr_multiplayer,Steam,https://store.steampowered.com/app/1057720/Shattered_Lights/?snr=1_7_7_151_150_1,,415,,,87%
DAVIGO KNIGHT'S PASS,40,,,No,,steam_query_data_vr_multiplayer,Steam,https://store.steampowered.com/app/1116540/DAVIGO_VR_vs_PC/?snr=1_7_7_151_150_1,,0,,,-
Sam & Dan: Floaty Flatmates,41,,,No,,steam_query_data_vr_multiplayer,Steam,https://store.steampowered.com/app/978270/Sam__Dan_Floaty_Flatmates/?snr=1_7_7_151_150_1,,691,,,92%
Fly Dangerous,42,,,No,,steam_query_data_vr_multiplayer,Steam,https://store.steampowered.com/app/1781750/Fly_Dangerous/?snr=1_7_7_151_150_1,,341,,,79%
X8,43,,,No,,steam_query_data_vr_multiplayer,Steam,https://store.steampowered.com/app/1763510/X8/?snr=1_7_7_151_150_1,,173,,,83%
Protonwar,44,,,No,,steam_query_data_vr_multiplayer,Steam,https://store.steampowered.com/app/461410/Protonwar/?snr=1_7_7_151_150_1,,104,,,80%
SCP: Blackout,45,,,No,,steam_query_data_vr_multiplayer,Steam,https://store.steampowered.com/app/963400/SCP_Blackout/?snr=1_7_7_151_150_1,,298,,,68%
Ship Ahoy Open BETA,46,,,No,,steam_query_data_vr_multiplayer,Steam,https://store.steampowered.com/app/757380/Ship_Ahoy_Open_BETA/?snr=1_7_7_151_150_1,,49,,,83%
Nemesis Perspective,47,,,No,,steam_query_data_vr_multiplayer,Steam,https://store.steampowered.com/app/537140/Nemesis_Perspective/?snr=1_7_7_151_150_1,,130,,,89%
Paintball Playground,48,,,No,,steam_query_data_vr_multiplayer,Steam,https://store.steampowered.com/app/2808630/Paintball_Playground/?snr=1_7_7_151_150_1,,33,,,54%
Arkio,49,,,,,steam_query_data_vr_multiplayer,Steam,https://store.steampowered.com/app/1053760/Arkio/?snr=1_7_7_151_150_1,,35,,,94%
Gurugedara,50,,,Yes,,steam_query_data_vr_multiplayer,Steam,https://store.steampowered.com/app/701010/Gurugedara/?snr=1_7_7_151_150_1,,12,,,83%
The Ranger: Lost Tribe,51,,,No,,steam_query_data_vr_multiplayer,Steam,https://store.steampowered.com/app/673070/The_Ranger_Lost_Tribe/?snr=1_7_7_151_150_2,,362,,,80%
PAYDAY 2 VR,52,,,No,,steam_query_data_vr_multiplayer,Steam,https://store.steampowered.com/app/826090/PAYDAY_2_VR/?snr=1_7_7_151_150_2,,1255,,,71%
Teleporter: World of Gamers (Alpha),53,,,Yes,,steam_query_data_vr_multiplayer,Steam,https://store.steampowered.com/app/1232510/Teleporter_World_of_Gamers_Alpha/?snr=1_7_7_151_150_2,,56,,,83%
Dungeon Full Dive: Player Edition,54,,,No,,steam_query_data_vr_multiplayer,Steam,https://store.steampowered.com/app/2839600/Dungeon_Full_Dive_Player_Edition/?snr=1_7_7_151_150_2,,42,,,50%
Sophie's Guardian,55,,,No,,steam_query_data_vr_multiplayer,Steam,https://store.steampowered.com/app/530830/Sophies_Guardian/?snr=1_7_7_151_150_2,,72,,,73%
Drop In - VR F2P,56,,,Yes,,steam_query_data_vr_multiplayer,Steam,https://store.steampowered.com/app/1144800/Drop_In__VR_F2P/?snr=1_7_7_151_150_2,,568,,,82%
Snowday,57,,,No,,steam_query_data_vr_multiplayer,Steam,https://store.steampowered.com/app/515700/Snowday/?snr=1_7_7_151_150_2,,20,,,85%
Test Subject 901,58,,,No,,steam_query_data_vr_multiplayer,Steam,https://store.steampowered.com/app/914450/Test_Subject_901/?snr=1_7_7_151_150_2,,46,,,80%
Galaxity : Beta VR,59,,,Yes,,steam_query_data_vr_multiplayer,Steam,https://store.steampowered.com/app/1002890/Galaxity__Beta_VR/?snr=1_7_7_151_150_2,,20,,,85%
Scary Buddies,60,,,No,,steam_query_data_vr_multiplayer,Steam,https://store.steampowered.com/app/1552210/Scary_Buddies/?snr=1_7_7_151_150_2,,19,,,78%
Oasis VR,61,,,Yes,,steam_query_data_vr_multiplayer,Steam,https://store.steampowered.com/app/1163130/Oasis_VR/?snr=1_7_7_151_150_2,,1885,,,84%
Ready Player One: OASIS beta,62,,,Yes,,steam_query_data_vr_multiplayer,Steam,https://store.steampowered.com/app/779650/Ready_Player_One_OASIS_beta/?snr=1_7_7_151_150_2,,519,,,58%
Overload Playable Teaser 3.0,63,,,No,,steam_query_data_vr_multiplayer,Steam,https://store.steampowered.com/app/450220/Overload_Playable_Teaser_30/?snr=1_7_7_151_150_2,,670,,,94%
VR TRIBES,64,,,No,,steam_query_data_vr_multiplayer,Steam,https://store.steampowered.com/app/1927440/VR_TRIBES/?snr=1_7_7_151_150_2,,10,,,50%
BOSS FIGHTERS,65,,,No,,steam_query_data_vr_multiplayer,Steam,https://store.steampowered.com/app/1784650/BOSS_FIGHTERS/?snr=1_7_7_151_150_2,,0,,,-
Aardvark,66,,,Yes,,steam_query_data_vr_multiplayer,Steam,https://store.steampowered.com/app/1466430/Aardvark/?snr=1_7_7_151_150_2,,11,,,81%
BMW M Hybrid V8,67,,,No,,steam_query_data_vr_multiplayer,Steam,https://store.steampowered.com/app/2973280/BMW_M_Hybrid_V8/?snr=1_7_7_151_150_2,,56,,,89%
The Art of Fight | 4vs4 Fast-Paced FPS,68,,,No,,steam_query_data_vr_multiplayer,Steam,https://store.steampowered.com/app/531270/The_Art_of_Fight__4vs4_FastPaced_FPS/?snr=1_7_7_151_150_2,,359,,,67%
EmbodyMe Beta,69,,,Yes,,steam_query_data_vr_multiplayer,Steam,https://store.steampowered.com/app/604530/EmbodyMe_Beta/?snr=1_7_7_151_150_2,,24,,,75%
Hypatia,70,,,Yes,,steam_query_data_vr_multiplayer,Steam,https://store.steampowered.com/app/401970/Hypatia/?snr=1_7_7_151_150_2,,52,,,71%
War Online: Pacific,71,,,No,,steam_query_data_vr_multiplayer,Steam,https://store.steampowered.com/app/990060/War_Online_Pacific/?snr=1_7_7_151_150_2,,70,,,48%
Under Pressure,72,,,No,,steam_query_data_vr_multiplayer,Steam,https://store.steampowered.com/app/2524980/Under_Pressure/?snr=1_7_7_151_150_2,,71,,,94%
Caliban Below,73,,,No,,steam_query_data_vr_multiplayer,Steam,https://store.steampowered.com/app/649890/Caliban_Below/?snr=1_7_7_151_150_2,,215,,,93%
Conductor: Creative Joy Engine,74,,,No,,steam_query_data_vr_multiplayer,Steam,https://store.steampowered.com/app/1518940/Conductor_Creative_Joy_Engine/?snr=1_7_7_151_150_2,,55,,,85%
Cop Academy,75,,,No,,steam_query_data_vr_multiplayer,Steam,https://store.steampowered.com/app/982710/Cop_Academy/?snr=1_7_7_151_150_2,,25,,,88%
SurrealVR,76,,,Yes,,steam_query_data_vr_multiplayer,Steam,https://store.steampowered.com/app/461180/SurrealVR/?snr=1_7_7_151_150_2,,75,,,61%
Amigo VR,77,,,,,steam_query_data_vr_multiplayer,Steam,https://store.steampowered.com/app/622310/Amigo_VR/?snr=1_7_7_151_150_2,,48,,,52%
Highway Madness,78,,,Yes,,steam_query_data_vr_multiplayer,Steam,https://store.steampowered.com/app/735460/Highway_Madness/?snr=1_7_7_151_150_2,,46,,,69%
Dodge the Wall!,79,,,No,,steam_query_data_vr_multiplayer,Steam,https://store.steampowered.com/app/1061600/Dodge_the_Wall/?snr=1_7_7_151_150_2,,27,,,77%
Primal Reign,80,,,No,,steam_query_data_vr_multiplayer,Steam,https://store.steampowered.com/app/636580/Primal_Reign/?snr=1_7_7_151_150_2,,55,,,70%
Fovos VR,81,,,No,,steam_query_data_vr_multiplayer,Steam,https://store.steampowered.com/app/576650/Fovos_VR/?snr=1_7_7_151_150_2,,113,,,62%
The Tavern of Magic,82,,,No,,steam_query_data_vr_multiplayer,Steam,https://store.steampowered.com/app/777250/The_Tavern_of_Magic/?snr=1_7_7_151_150_2,,13,,,46%
VirZOOM Arcade,83,,,No,,steam_query_data_vr_multiplayer,Steam,https://store.steampowered.com/app/448710/VirZOOM_Arcade/?snr=1_7_7_151_150_2,,33,,,78%
Vroom Kaboom,84,,,No,,steam_query_data_vr_multiplayer,Steam,https://store.steampowered.com/app/620070/Vroom_Kaboom/?snr=1_7_7_151_150_2,,115,,,54%
War Robots VR: The Skirmish,85,,,No,,steam_query_data_vr_multiplayer,Steam,https://store.steampowered.com/app/672640/War_Robots_VR_The_Skirmish/?snr=1_7_7_151_150_2,,775,,,79%
Noda,86,,,,,steam_query_data_vr_multiplayer,Steam,https://store.steampowered.com/app/578060/Noda/?snr=1_7_7_151_150_2,,38,,,86%
BeanVR—The Social VR APP,87,,,Yes,,steam_query_data_vr_multiplayer,Steam,https://store.steampowered.com/app/638920/BeanVRThe_Social_VR_APP/?snr=1_7_7_151_150_2,,50,,,46%
Lo-Fi Lounge,88,,,Yes,,steam_query_data_vr_multiplayer,Steam,https://store.steampowered.com/app/1513180/LoFi_Lounge/?snr=1_7_7_151_150_2,,11,,,81%
Pararea--Social VR for Everyone (Beta),89,,,Yes,,steam_query_data_vr_multiplayer,Steam,https://store.steampowered.com/app/671310/ParareaSocial_VR_for_Everyone_Beta/?snr=1_7_7_151_150_2,,41,,,56%
Galaxity : Korea VR,90,,,Yes,,steam_query_data_vr_multiplayer,Steam,https://store.steampowered.com/app/1805190/Galaxity__Korea_VR/?snr=1_7_7_151_150_2,,11,,,72%
Sansar,91,,,Yes,,steam_query_data_vr_multiplayer,Steam,https://store.steampowered.com/app/586110/Sansar/?snr=1_7_7_151_150_2,,615,,,52%
Sky Strikers VR,92,,,No,,steam_query_data_vr_multiplayer,Steam,https://store.steampowered.com/app/2250690/Sky_Strikers_VR/?snr=1_7_7_151_150_2,,40,,,92%
Grapple Tournament,93,,,No,,steam_query_data_vr_multiplayer,Steam,https://store.steampowered.com/app/1384320/Grapple_Tournament/?snr=1_7_7_151_150_2,,335,,,91%
RaceTrap,94,,,No,,steam_query_data_vr_multiplayer,Steam,https://store.steampowered.com/app/2668330/RaceTrap/?snr=1_7_7_151_150_2,,13,,,92%
ENDLESS BECOMING - APARTMENT,95,,,No,,steam_query_data_vr_multiplayer,Steam,https://store.steampowered.com/app/1669160/ENDLESS_BECOMING__APARTMENT/?snr=1_7_7_151_150_2,,82,,,75%
Covert Syndrome,96,,,No,,steam_query_data_vr_multiplayer,Steam,https://store.steampowered.com/app/589460/Covert_Syndrome/?snr=1_7_7_151_150_2,,145,,,68%
LabTrainingVR: Personal Protective Equipment Edition,97,,,,,steam_query_data_vr_multiplayer,Steam,https://store.steampowered.com/app/1698290/LabTrainingVR_Personal_Protective_Equipment_Edition/?snr=1_7_7_151_150_2,,15,,,100%
Honeypot Espionage,98,,,No,,steam_query_data_vr_multiplayer,Steam,https://store.steampowered.com/app/599780/Honeypot_Espionage/?snr=1_7_7_151_150_2,,0,,,-
Voyage Senki VR 海洋传说 VR,99,,,No,,steam_query_data_vr_multiplayer,Steam,https://store.steampowered.com/app/747210/Voyage_Senki_VR__VR/?snr=1_7_7_151_150_2,,42,,,47%
Pluto,100,,,Yes,,steam_query_data_vr_multiplayer,Steam,https://store.steampowered.com/app/389980/Pluto/?snr=1_7_7_151_150_2,,75,,,40%
Red Ruins: Asymmetric VR vs. PC,101,,,,,,,https://store.steampowered.com/app/2972870/Red_Ruins_Asymmetric_VR_vs_PC/?snr=1_7_7_151_150_3,,22,,,59%
Alexandria - Port of Worlds,102,,,,,,,https://store.steampowered.com/app/1946150/Alexandria__Port_of_Worlds/?snr=1_7_7_151_150_3,,16,,,87%
无限家园,103,,,,,,,https://store.steampowered.com/app/1160770/_/?snr=1_7_7_151_150_3,,11,,,81%
QuantumVR,104,,,,,,,https://store.steampowered.com/app/2089590/QuantumVR/?snr=1_7_7_151_150_3,,27,,,96%
VR Jetpack Game,105,,,,,,,https://store.steampowered.com/app/1217930/VR_Jetpack_Game/?snr=1_7_7_151_150_3,,51,,,78%
Ripple Effect,106,,,,,,,https://store.steampowered.com/app/574440/Ripple_Effect/?snr=1_7_7_151_150_3,,70,,,70%
Metaverse Construction Kit,107,,,,,,,https://store.steampowered.com/app/422630/Metaverse_Construction_Kit/?snr=1_7_7_151_150_3,,226,,,67%
Rampage Agents,108,,,,,,,https://store.steampowered.com/app/2492600/Rampage_Agents/?snr=1_7_7_151_150_3,,89,,,84%
Genting Party,109,,,,,,,https://store.steampowered.com/app/2379680/Genting_Party/?snr=1_7_7_151_150_3,,24,,,75%
Soundscape VR: 2017,110,,,,,,,https://store.steampowered.com/app/636930/Soundscape_VR_2017/?snr=1_7_7_151_150_3,,110,,,70%
Jar Wars,111,,,,,,,https://store.steampowered.com/app/1095060/Jar_Wars/?snr=1_7_7_151_150_3,,189,,,73%
"Panda:Eats,Shoots and Leaves",112,,,,,,,https://store.steampowered.com/app/2872860/PandaEatsShoots_and_Leaves/?snr=1_7_7_151_150_3,,12,,,83%
Singulive,113,,,,,,,https://store.steampowered.com/app/1694160/Singulive/?snr=1_7_7_151_150_3,,10,,,80%
Space Ball VR,114,,,,,,,https://store.steampowered.com/app/2461890/Space_Ball_VR/?snr=1_7_7_151_150_3,,15,,,86%
Curatours,115,,,,,,,https://store.steampowered.com/app/1532110/Curatours/?snr=1_7_7_151_150_3,,14,,,92%
Incline,116,,,,,,,https://store.steampowered.com/app/668170/Incline/?snr=1_7_7_151_150_3,,464,,,51%
After Dark VR,117,,,,,,,https://store.steampowered.com/app/1794250/After_Dark_VR/?snr=1_7_7_151_150_3,,105,,,64%
Rezzil Index / Lite,118,,,,,,,https://store.steampowered.com/app/1370130/Rezzil_Index__Lite/?snr=1_7_7_151_150_3,,22,,,100%
Mysterica,119,,,,,,,https://store.steampowered.com/app/1394410/Mysterica/?snr=1_7_7_151_150_3,,20,,,70%
Reborn VR,120,,,,,,,https://store.steampowered.com/app/2089520/Reborn_VR/?snr=1_7_7_151_150_3,,103,,,69%
Treekeepers,121,,,,,,,https://store.steampowered.com/app/2152050/Treekeepers/?snr=1_7_7_151_150_3,,15,,,86%
Rival Rides,122,,,,,,,https://store.steampowered.com/app/1978380/Rival_Rides/?snr=1_7_7_151_150_3,,37,,,94%
eXpanSIM,123,,,,,,,https://store.steampowered.com/app/1015370/eXpanSIM/?snr=1_7_7_151_150_3,,0,,,-
Racket:Nx Demo,124,,,,,,,https://store.steampowered.com/app/428080/Racket_Nx/?snr=1_7_7_151_150_3,,10,,,100%
Major League Gladiators,125,,,,,,,https://store.steampowered.com/app/727310/Major_League_Gladiators/?snr=1_7_7_151_150_3,,33,,,84%
Eclipse --- Defending the motherland,126,,,,,,,https://store.steampowered.com/app/470130/Eclipse__Defending_the_motherland/?snr=1_7_7_151_150_3,,49,,,53%
BasementVR,127,,,,,,,https://store.steampowered.com/app/561390/BasementVR/?snr=1_7_7_151_150_3,,27,,,66%
Warriors Of Titus - F2P,128,,,,,,,https://store.steampowered.com/app/1513740/Warriors_Of_Titus__F2P/?snr=1_7_7_151_150_3,,16,,,81%
VRROOM,129,,,,,,,https://store.steampowered.com/app/2166320/VRROOM/?snr=1_7_7_151_150_3,,17,,,41%
Outatime,130,,,,,,,https://store.steampowered.com/app/2079890/Outatime/?snr=1_7_7_151_150_3,,13,,,92%
Neos VR,131,,,,,,,https://store.steampowered.com/app/740250/Neos_VR/?snr=1_7_7_151_150_3,,2246,,,54%
Sing Together: VR Karaoke,132,,,,,,,https://store.steampowered.com/app/1781140/Sing_Together_VR_Karaoke/?snr=1_7_7_151_150_3,,50,,,74%
Run Of Mydan,133,,,,,,,https://store.steampowered.com/app/640300/Run_Of_Mydan/?snr=1_7_7_151_150_3,,91,,,76%
Home Sweet Home Demo,134,,,,,,,https://store.steampowered.com/app/617160/Home_Sweet_Home/?snr=1_7_7_151_150_3,,0,,,-
Everything Has Arms,135,,,,,,,https://store.steampowered.com/app/2008480/Everything_Has_Arms/?snr=1_7_7_151_150_3,,39,,,76%
Mini Golf Aeons,136,,,,,,,https://store.steampowered.com/app/2335910/Mini_Golf_Aeons/?snr=1_7_7_151_150_3,,25,,,92%
MonkeyKing Chaos: VR,137,,,,,,,https://store.steampowered.com/app/2770430/MonkeyKing_Chaos_VR/?snr=1_7_7_151_150_3,,0,,,-
Battle Arena VR,138,,,,,,,https://store.steampowered.com/app/1456280/Battle_Arena_VR/?snr=1_7_7_151_150_3,,55,,,76%
uVolley,139,,,,,,,https://store.steampowered.com/app/1360040/uVolley/?snr=1_7_7_151_150_3,,63,,,52%
Dogfight Elite,140,,,,,,,https://store.steampowered.com/app/480500/Dogfight_Elite/?snr=1_7_7_151_150_3,,60,,,61%
connect - Virtual Home (3D or VR),141,,,,,,,https://store.steampowered.com/app/703060/connect__Virtual_Home_3D_or_VR/?snr=1_7_7_151_150_3,,69,,,46%
Captcha Kills,142,,,,,,,https://store.steampowered.com/app/1964800/Captcha_Kills/?snr=1_7_7_151_150_3,,12,,,75%
DEFCON VR,143,,,,,,,https://store.steampowered.com/app/579040/DEFCON_VR/?snr=1_7_7_151_150_3,,25,,,40%
Net VR Theater,144,,,,,,,https://store.steampowered.com/app/1628510/Net_VR_Theater/?snr=1_7_7_151_150_3,,19,,,73%
Anarchy Arcade,145,,,,,,,https://store.steampowered.com/app/266430/Anarchy_Arcade/?snr=1_7_7_151_150_3,,2216,,,68%
Novus,146,,,,,,,https://store.steampowered.com/app/2334680/Novus/?snr=1_7_7_151_150_3,,12,,,58%
Ragnaröck Demo,147,,,,,,,https://store.steampowered.com/app/1345820/Ragnarock/?snr=1_7_7_151_150_3,,0,,,-
R.A.V.E - Real-time Audio Visual Experience,148,,,,,,,https://store.steampowered.com/app/1412990/RAVE__Realtime_Audio_Visual_Experience/?snr=1_7_7_151_150_3,,31,,,67%
Thunderballs VR,149,,,,,,,https://store.steampowered.com/app/886220/Thunderballs_VR/?snr=1_7_7_151_150_3,,15,,,66%
StarMaker VR,150,,,,,,,https://store.steampowered.com/app/2020670/StarMaker_VR/?snr=1_7_7_151_150_3,,11,,,63%
READY AIM FIRE,151,,,,,,,https://store.steampowered.com/app/1330290/READY_AIM_FIRE/?snr=1_7_7_151_150_4,,21,,,52%
Moshpit,152,,,,,,,https://store.steampowered.com/app/986700/Moshpit/?snr=1_7_7_151_150_4,,0,,,-
Sensorium Galaxy,153,,,,,,,https://store.steampowered.com/app/1803610/Sensorium_Galaxy/?snr=1_7_7_151_150_4,,18,,,50%
Dinner Etiquette VR,154,,,,,,,https://store.steampowered.com/app/1167180/Dinner_Etiquette_VR/?snr=1_7_7_151_150_4,,0,,,-
PoligonVR,155,,,,,,,https://store.steampowered.com/app/2336430/PoligonVR/?snr=1_7_7_151_150_4,,0,,,-
Football Nation VR 2018 Demo,156,,,,,,,https://store.steampowered.com/app/752520/Football_Nation_VR_Tournament_2018/?snr=1_7_7_151_150_4,,0,,,-
Bombyman Demo,157,,,,,,,https://store.steampowered.com/app/965540/Bombyman/?snr=1_7_7_151_150_4,,0,,,-
GT:VR,158,,,,,,,https://store.steampowered.com/app/2234300/GTVR/?snr=1_7_7_151_150_4,,0,,,-
PLANET THETA,159,,,,,,,https://store.steampowered.com/app/1840020/PLANET_THETA/?snr=1_7_7_151_150_4,,0,,,-
5G VR Football,160,,,,,,,https://store.steampowered.com/app/1838530/5G_VR_Football/?snr=1_7_7_151_150_4,,0,,,-
Virtex Stadium,161,,,,,,,https://store.steampowered.com/app/1690050/Virtex_Stadium/?snr=1_7_7_151_150_4,,0,,,-
Fortress VR,162,,,,,,,https://store.steampowered.com/app/2240010/Fortress_VR/?snr=1_7_7_151_150_4,,0,,,-
Gravity League,163,,,,,,,https://store.steampowered.com/app/2539110/Gravity_League/?snr=1_7_7_151_150_4,,0,,,-
District VR,164,,,,,,,https://store.steampowered.com/app/2732650/District_VR/?snr=1_7_7_151_150_4,,0,,,-
Galaxity : Bangkok VR,165,,,,,,,https://store.steampowered.com/app/1650920/Galaxity__Bangkok_VR/?snr=1_7_7_151_150_4,,0,,,-
Scenez,166,,,,,,,https://store.steampowered.com/app/2154520/Scenez/?snr=1_7_7_151_150_4,,0,,,-
Training and War Simulation (TWS),167,,,,,,,https://store.steampowered.com/app/2365350/Training_and_War_Simulation_TWS/?snr=1_7_7_151_150_4,,0,,,-
Pancake Sailor,168,,,,,,,https://store.steampowered.com/app/1274800/Pancake_Sailor/?snr=1_7_7_151_150_4,,178,,,85%
HIDEANDHUNT,169,,,,,,,https://store.steampowered.com/app/1952980/HIDEANDHUNT/?snr=1_7_7_151_150_4,,0,,,-
Boss Fighters Demo,170,,,,,,,https://store.steampowered.com/app/1784650/BOSS_FIGHTERS/?snr=1_7_7_151_150_4,,0,,,-
oVRshot,171,,,,,,,https://store.steampowered.com/app/790750/oVRshot/?snr=1_7_7_151_150_4,,70,,,85%
CoreVR,172,,,,,,,https://store.steampowered.com/app/2864660/CoreVR/?snr=1_7_7_151_150_4,,0,,,-
Project Theta,173,,,,,,,https://store.steampowered.com/app/1659500/Project_Theta/?snr=1_7_7_151_150_4,,0,,,-
Fugitive 3D,174,,,,,,,https://store.steampowered.com/app/1526650/Fugitive_3D/?snr=1_7_7_151_150_4,,0,,,-
Project Impulse,175,,,,,,,https://store.steampowered.com/app/1916360/Project_Impulse/?snr=1_7_7_151_150_4,,0,,,-
RUINWAKER,176,,,,,,,https://store.steampowered.com/app/2181380/RUINWAKER/?snr=1_7_7_151_150_4,,0,,,-
Power Solitaire VR,177,,,,,,,https://store.steampowered.com/app/584850/Power_Solitaire_VR/?snr=1_7_7_151_150_4,,35,,,97%
ForeVR Cornhole VR,178,,,,,,,https://store.steampowered.com/app/2417310/ForeVR_Cornhole_VR/?snr=1_7_7_151_150_4,,22,,,95%
MageCosmos,179,,,,,,,https://store.steampowered.com/app/1617080/MageCosmos/?snr=1_7_7_151_150_4,,0,,,-
Realm Quest,180,,,,,,,https://store.steampowered.com/app/687520/Realm_Quest/?snr=1_7_7_151_150_4,,0,,,-
Many Worlds VR,181,,,,,,,https://store.steampowered.com/app/1496000/Many_Worlds_VR/?snr=1_7_7_151_150_4,,0,,,-
Oyster VR,182,,,,,,,https://store.steampowered.com/app/1974390/Oyster_VR/?snr=1_7_7_151_150_4,,0,,,-
Re-O-Ri,183,,,,,,,https://store.steampowered.com/app/958750/ReORi/?snr=1_7_7_151_150_4,,77,,,92%
Blast Circus,184,,,,,,,https://store.steampowered.com/app/2341520/Blast_Circus/?snr=1_7_7_151_150_4,,0,,,-
Escape First Alchemist: Prologue,185,,,,,,,https://store.steampowered.com/app/2176190/Escape_First_Alchemist_Prologue/?snr=1_7_7_151_150_4,,79,,,83%
REBOUND ARENA,186,,,,,,,https://store.steampowered.com/app/701260/REBOUND_ARENA/?snr=1_7_7_151_150_4,,0,,,-
Undefeated Samurai,187,,,,,,,https://store.steampowered.com/app/1795030/Undefeated_Samurai/?snr=1_7_7_151_150_4,,0,,,-
Sommad,188,,,,,,,https://store.steampowered.com/app/676470/Sommad/?snr=1_7_7_151_150_4,,37,,,83%
ToyPark - physics-based social VR platform,189,,,,,,,https://store.steampowered.com/app/1723460/ToyPark__physicsbased_social_VR_platform/?snr=1_7_7_151_150_4,,0,,,-
Ancient Arrow,190,,,,,,,https://store.steampowered.com/app/2185710/Ancient_Arrow/?snr=1_7_7_151_150_4,,0,,,-
Magic Hour,191,,,,,,,https://store.steampowered.com/app/571500/Magic_Hour/?snr=1_7_7_151_150_4,,11,,,90%
Deadbait Demo,192,,,,,,,https://store.steampowered.com/app/1695810/Deadbait/?snr=1_7_7_151_150_4,,0,,,-
Haunt N Seek: Silent Siren (Beta),193,,,,,,,https://store.steampowered.com/app/2815470/Haunt_N_Seek_Silent_Siren/?snr=1_7_7_151_150_4,,0,,,-
SinVR Demo,194,,,,,,,https://store.steampowered.com/app/966870/SinVR/?snr=1_7_7_151_150_4,,0,,,-
Chainless,195,,,,,,,https://store.steampowered.com/app/589680/Chainless/?snr=1_7_7_151_150_4,,24,,,95%
Krieg,196,,,,,,,https://store.steampowered.com/app/655620/Krieg/?snr=1_7_7_151_150_4,,30,,,76%
Skader,197,,,,,,,https://store.steampowered.com/app/2164390/Skader/?snr=1_7_7_151_150_4,,12,,,100%
Roadside,198,,,,,,,https://store.steampowered.com/app/2623970/Roadside/?snr=1_7_7_151_150_4,,0,,,-
Fisticubes - One Button Boxing!,199,,,,,,,https://store.steampowered.com/app/1651360/Fisticubes__One_Button_Boxing/?snr=1_7_7_151_150_4,,18,,,88%
Party Pie: Free Pie,200,,,,,,,https://store.steampowered.com/app/2009470/Party_Pie_Free_Pie/?snr=1_7_7_151_150_4,,79,,,79%
Party Pie: Free Pie,201,,,,,,,https://store.steampowered.com/app/2009470/Party_Pie_Free_Pie/?snr=1_7_7_151_150_5,,79,,,79%
Seena VR (Beta),202,,,,,,,https://store.steampowered.com/app/1483430/Seena_VR_Beta/?snr=1_7_7_151_150_5,,18,,,77%
SkyJump,203,,,,,,,https://store.steampowered.com/app/1236270/SkyJump/?snr=1_7_7_151_150_5,,0,,,-
QUANTAAR,204,,,,,,,https://store.steampowered.com/app/1448350/QUANTAAR/?snr=1_7_7_151_150_5,,35,,,97%
Dash Dash Run!,205,,,,,,,https://store.steampowered.com/app/649570/Dash_Dash_Run/?snr=1_7_7_151_150_5,,19,,,84%
大千 VAST,206,,,,,,,https://store.steampowered.com/app/2562450/_VAST/?snr=1_7_7_151_150_5,,0,,,-
Pixel Dungeon VR Demo (Co-op RPG),207,,,,,,,https://store.steampowered.com/app/3063750/Pixel_Dungeon_VR_Coop_RPG/?snr=1_7_7_151_150_5,,0,,,-
Hide & Spook: The Haunted Alchemist,208,,,,,,,https://store.steampowered.com/app/466900/Hide__Spook_The_Haunted_Alchemist/?snr=1_7_7_151_150_5,,43,,,93%
FURRY BACKROOMS Demo,209,,,,,,,https://store.steampowered.com/app/2689230/FURRY_BACKROOMS/?snr=1_7_7_151_150_5,,0,,,-
BACKROOMS INVASION Demo,210,,,,,,,https://store.steampowered.com/app/2928660/BACKROOMS_INVASION/?snr=1_7_7_151_150_5,,0,,,-
Planet-A,211,,,,,,,https://store.steampowered.com/app/1918590/PlanetA/?snr=1_7_7_151_150_5,,12,,,83%
Automobilista 2 Demo,212,,,,,,,https://store.steampowered.com/app/1066890/Automobilista_2/?snr=1_7_7_151_150_5,,0,,,-
illuminati Simulator VR,213,,,,,,,https://store.steampowered.com/app/1361470/illuminati_Simulator_VR/?snr=1_7_7_151_150_5,,10,,,60%
Vertical Shift,214,,,,,,,https://store.steampowered.com/app/1807480/Vertical_Shift/?snr=1_7_7_151_150_5,,82,,,79%
Nemesis Realms,215,,,,,,,https://store.steampowered.com/app/716750/Nemesis_Realms/?snr=1_7_7_151_150_5,,33,,,66%
Ultimechs,216,,,,,,,https://store.steampowered.com/app/1657780/Ultimechs/?snr=1_7_7_151_150_5,,146,,,86%
Star Rangers VR - Free Demo,217,,,,,,,https://store.steampowered.com/app/703430/Star_Rangers_VR__Free_Demo/?snr=1_7_7_151_150_5,,26,,,61%
TankVR,218,,,,,,,https://store.steampowered.com/app/712150/TankVR/?snr=1_7_7_151_150_5,,39,,,53%
MissionX Beta,219,,,,,,,https://store.steampowered.com/app/781040/MissionX_Beta/?snr=1_7_7_151_150_5,,11,,,54%
Pulseball,220,,,,,,,https://store.steampowered.com/app/1287150/Pulseball/?snr=1_7_7_151_150_5,,62,,,67%
The Nest,221,,,,,,,https://store.steampowered.com/app/473910/The_Nest/?snr=1_7_7_151_150_5,,189,,,63%
Broomball VR,222,,,,,,,https://store.steampowered.com/app/504630/Broomball_VR/?snr=1_7_7_151_150_5,,51,,,68%
ForeVR Suck It! VR,223,,,,,,,https://store.steampowered.com/app/2506830/ForeVR_Suck_It_VR/?snr=1_7_7_151_150_5,,20,,,90%
MechaLeague,224,,,,,,,https://store.steampowered.com/app/420760/MechaLeague/?snr=1_7_7_151_150_5,,13,,,100%
Team Up VR (Beta),225,,,,,,,https://store.steampowered.com/app/916390/Team_Up_VR_Beta/?snr=1_7_7_151_150_5,,30,,,53%
StellarX,226,,,,,,,https://store.steampowered.com/app/1214640/StellarX/?snr=1_7_7_151_150_5,,16,,,87%
The Desert's Rose,227,,,,,,,https://store.steampowered.com/app/935110/The_Deserts_Rose/?snr=1_7_7_151_150_5,,11,,,45%
Pumpkin SculptrVR,228,,,,,,,https://store.steampowered.com/app/542960/Pumpkin_SculptrVR/?snr=1_7_7_151_150_5,,29,,,89%
Ahlman Arcade 2018,229,,,,,,,https://store.steampowered.com/app/855580/Ahlman_Arcade_2018/?snr=1_7_7_151_150_5,,34,,,70%
Chess Ultra Easter Island chess set,230,,,,,,,https://store.steampowered.com/app/639000/Chess_Ultra_Easter_Island_chess_set/?snr=1_7_7_151_150_5,,21,,,76%
FRAGROOM: Defenders,231,,,,,,,https://store.steampowered.com/app/1776650/FRAGROOM_Defenders/?snr=1_7_7_151_150_5,,28,,,75%
Wacktory,232,,,,,,,https://store.steampowered.com/app/1082750/Wacktory/?snr=1_7_7_151_150_5,,33,,,75%
AVROD,233,,,,,,,https://store.steampowered.com/app/1495350/AVROD/?snr=1_7_7_151_150_5,,18,,,44%
Blastworld,234,,,,,,,https://store.steampowered.com/app/1148570/Blastworld/?snr=1_7_7_151_150_5,,52,,,57%
Wandering in Space Online VR,235,,,,,,,https://store.steampowered.com/app/2301800/Wandering_in_Space_Online_VR/?snr=1_7_7_151_150_5,,0,,,-
Slow.Bullet VR,236,,,,,,,https://store.steampowered.com/app/1047910/SlowBullet_VR/?snr=1_7_7_151_150_5,,10,,,40%
RoboSports VR,237,,,,,,,https://store.steampowered.com/app/549880/RoboSports_VR/?snr=1_7_7_151_150_5,,19,,,57%
Freeland,238,,,,,,,https://store.steampowered.com/app/1705390/Freeland/?snr=1_7_7_151_150_5,,0,,,-
Sanity City,239,,,,,,,https://store.steampowered.com/app/1802100/Sanity_City/?snr=1_7_7_151_150_5,,0,,,-
VRLegs,240,,,,,,,https://store.steampowered.com/app/2863820/VRLegs/?snr=1_7_7_151_150_5,,0,,,-
BioFusion,241,,,,,,,https://store.steampowered.com/app/2170380/BioFusion/?snr=1_7_7_151_150_5,,0,,,-
Smash Point (Arcade edition),242,,,,,,,https://store.steampowered.com/app/2297140/Smash_Point_Arcade_edition/?snr=1_7_7_151_150_5,,0,,,-
XONG VR,243,,,,,,,https://store.steampowered.com/app/957800/XONG_VR/?snr=1_7_7_151_150_5,,0,,,-
One Way Trip,244,,,,,,,https://store.steampowered.com/app/1961800/One_Way_Trip/?snr=1_7_7_151_150_5,,0,,,-
The Defense of Trewel Towers,245,,,,,,,https://store.steampowered.com/app/2288710/The_Defense_of_Trewel_Towers/?snr=1_7_7_151_150_5,,0,,,-
Metaisland,246,,,,,,,https://store.steampowered.com/app/1782180/Metaisland/?snr=1_7_7_151_150_5,,0,,,-
MetrixVR,247,,,,,,,https://store.steampowered.com/app/1022600/MetrixVR/?snr=1_7_7_151_150_5,,0,,,-
Ascend,248,,,,,,,https://store.steampowered.com/app/1036570/Ascend/?snr=1_7_7_151_150_5,,0,,,-
TAG WAR Demo,249,,,,,,,https://store.steampowered.com/app/1125600/TAG_WAR/?snr=1_7_7_151_150_5,,0,,,-
Zanfium Tower,250,,,,,,,https://store.steampowered.com/app/1599850/Zanfium_Tower/?snr=1_7_7_151_150_5,,0,,,-
OVERTURN: Final Operation,251,,,,,,,https://store.steampowered.com/app/830560/OVERTURN_Final_Operation/?snr=1_7_7_151_150_6,,0,,,-
Battle Talent Demo,252,,,,,,,https://store.steampowered.com/app/1331510/Battle_Talent/?snr=1_7_7_151_150_6,,0,,,-
God's Domain,253,,,,,,,https://store.steampowered.com/app/1768240/Gods_Domain/?snr=1_7_7_151_150_6,,0,,,-
VoxSys,254,,,,,,,https://store.steampowered.com/app/2110710/VoxSys/?snr=1_7_7_151_150_6,,0,,,-
Vanguard: Fight For Rudiarius,255,,,,,,,https://store.steampowered.com/app/953810/Vanguard_Fight_For_Rudiarius/?snr=1_7_7_151_150_6,,0,,,-
Big Bang Billiards Demo,256,,,,,,,https://store.steampowered.com/app/729050/Big_Bang_Billiards/?snr=1_7_7_151_150_6,,0,,,-
Escape Room,257,,,,,,,https://store.steampowered.com/app/758210/Escape_Room/?snr=1_7_7_151_150_6,,37,,,27%
Home Legacy,258,,,,,,,https://store.steampowered.com/app/394120/Home_Legacy/?snr=1_7_7_151_150_6,,446,,,38%
Tornuffalo - BuffalSnow Blizzard (Local Multiplayer Party Mode),259,,,,,,,https://store.steampowered.com/app/574730/Tornuffalo__BuffalSnow_Blizzard_Local_Multiplayer_Party_Mode/?snr=1_7_7_151_150_6,,0,,,-
Rocking Legend Demo,260,,,,,,,https://store.steampowered.com/app/1260800/Rocking_Legend/?snr=1_7_7_151_150_6,,0,,,-
Vstar,261,,,,,,,https://store.steampowered.com/app/2774120/Vstar/?snr=1_7_7_151_150_6,,0,,,-
Battle Dome Demo,262,,,,,,,https://store.steampowered.com/app/484870/Battle_Dome/?snr=1_7_7_151_150_6,,0,,,-
VR Triber,263,,,,,,,https://store.steampowered.com/app/680170/VR_Triber/?snr=1_7_7_151_150_6,,24,,,37%
Alien Tag,264,,,,,,,https://store.steampowered.com/app/2672170/Alien_Tag/?snr=1_7_7_151_150_6,,45,,,33%
Show me VR,265,,,,,,,https://store.steampowered.com/app/1556140/Show_me_VR/?snr=1_7_7_151_150_6,,0,,,-
Softspace,266,,,,,,,https://store.steampowered.com/app/951800/Softspace/?snr=1_7_7_151_150_6,,0,,,-
全副武装 Demo,267,,,,,,,https://store.steampowered.com/app/859170/Survival/?snr=1_7_7_151_150_6,,0,,,-
Droid Death VR Demo,268,,,,,,,https://store.steampowered.com/app/2148510/Droid_Death_VR/?snr=1_7_7_151_150_6,,0,,,-
994 W 24th Demo,269,,,,,,,https://store.steampowered.com/app/536050/994_W_24th/?snr=1_7_7_151_150_6,,0,,,-
Blaston Spectator,270,,,,,,,https://store.steampowered.com/app/1952470/Blaston_Spectator/?snr=1_7_7_151_150_6,,0,,,-
Bullets And More VR - BAM VR Demo,271,,,,,,,https://store.steampowered.com/app/525640/Bullets_And_More_VR__BAM_VR/?snr=1_7_7_151_150_6,,0,,,-
The Art of Fight Demo,272,,,,,,,https://store.steampowered.com/app/531270/The_Art_of_Fight__4vs4_FastPaced_FPS/?snr=1_7_7_151_150_6,,0,,,-
Airranger Trial Version,273,,,,,,,https://store.steampowered.com/app/885950/Airranger/?snr=1_7_7_151_150_6,,0,,,-
SHARKS Demo,274,,,,,,,https://store.steampowered.com/app/2315970/SHARKS/?snr=1_7_7_151_150_6,,0,,,-
DaVinCo,275,,,,,,,https://store.steampowered.com/app/1783500/DaVinCo/?snr=1_7_7_151_150_6,,0,,,-
ELIOS VR,276,,,,,,,https://store.steampowered.com/app/1448330/ELIOS_VR/?snr=1_7_7_151_150_6,,33,,,24%
iB Cricket Companion,277,,,,,,,https://store.steampowered.com/app/1727040/iB_Cricket_Companion/?snr=1_7_7_151_150_6,,0,,,-
Cyber Attack VR board game,278,,,,,,,https://store.steampowered.com/app/2122960/Cyber_Attack_VR_board_game/?snr=1_7_7_151_150_6,,0,,,-
Become a Gladiator VR : 1v1 PVP,279,,,,,,,https://store.steampowered.com/app/1459660/Become_a_Gladiator_VR__1v1_PVP/?snr=1_7_7_151_150_6,,29,,,34%
DoodleVR Demo,280,,,,,,,https://store.steampowered.com/app/936170/DoodleVR/?snr=1_7_7_151_150_6,,0,,,-
Operation Armstrong Demo,281,,,,,,,https://store.steampowered.com/app/1145490/Operation_Armstrong/?snr=1_7_7_151_150_6,,0,,,-
Climbey Demo,282,,,,,,,https://store.steampowered.com/app/520010/Climbey/?snr=1_7_7_151_150_6,,0,,,-
愛情限時批 Demo,283,,,,,,,https://store.steampowered.com/app/1230120/Scan_Your_Heart/?snr=1_7_7_151_150_6,,0,,,-
Number Hunt Demo,284,,,,,,,https://store.steampowered.com/app/851770/Number_Hunt/?snr=1_7_7_151_150_6,,0,,,-
Drone Fighters Demo,285,,,,,,,https://store.steampowered.com/app/612600/Drone_Fighters/?snr=1_7_7_151_150_6,,0,,,-
ARAYA Demo,286,,,,,,,https://store.steampowered.com/app/466740/ARAYA/?snr=1_7_7_151_150_6,,0,,,-
Z-Grav: Clash Demo,287,,,,,,,https://store.steampowered.com/app/2511110/ZGrav_Clash/?snr=1_7_7_151_150_6,,0,,,-
Contingency Plan,288,,,,,,,https://store.steampowered.com/app/2978510/Contingency_Plan/?snr=1_7_7_151_150_6,,0,,,-
GunsNWheels Demo,289,,,,,,,https://store.steampowered.com/app/2242050/GunsNWheels/?snr=1_7_7_151_150_6,,0,,,-
OctoRaid VR Friend's Pass (옥토레이드 친구패스),290,,,,,,,https://store.steampowered.com/app/1795820/OctoRaid_VR/?snr=1_7_7_151_150_6,,0,,,-
Hyperblade Demo,291,,,,,,,https://store.steampowered.com/app/1466840/Hyperblade/?snr=1_7_7_151_150_6,,0,,,-
BattleBlocks Demo,292,,,,,,,https://store.steampowered.com/app/1389690/Battle_Blocks/?snr=1_7_7_151_150_6,,0,,,-
Team Ice Cream Demo,293,,,,,,,https://store.steampowered.com/app/1857520/Team_Ice_Cream_VR/?snr=1_7_7_151_150_6,,0,,,-
Eclipse --- Defending the motherland Demo,294,,,,,,,https://store.steampowered.com/app/470130/Eclipse__Defending_the_motherland/?snr=1_7_7_151_150_6,,0,,,-
Qbike: Cyberpunk Motorcycles Demo,295,,,,,,,https://store.steampowered.com/app/614970/Qbike_Cyberpunk_Motorcycles/?snr=1_7_7_151_150_6,,0,,,-
Akpala,296,,,,,,,https://store.steampowered.com/app/2341700/Akpala/?snr=1_7_7_151_150_6,,0,,,-
Horror Adventure : Zombie Edition VR Demo,297,,,,,,,https://store.steampowered.com/app/2292630/Horror_Adventure__Zombie_Edition_VR/?snr=1_7_7_151_150_6,,0,,,-
AGO BRISTOL 1775: From Warship to Prison Hulk,298,,,,,,,https://store.steampowered.com/app/2605210/AGO_BRISTOL_1775_From_Warship_to_Prison_Hulk/?snr=1_7_7_151_150_6,,0,,,-
Pacebreaker: An Experiment in AI-Perfected Exercise Demo,299,,,,,,,https://store.steampowered.com/app/1811390/Pacebreaker_An_Experiment_in_AIPerfected_Exercise/?snr=1_7_7_151_150_6,,0,,,-
Mini Golf Worlds VR Demo,300,,,,,,,https://store.steampowered.com/app/1679930/Mini_Golf_Worlds_VR/?snr=1_7_7_151_150_6,,0,,,-
Pacebreaker: An Experiment in AI-Perfected Exercise Demo,301,,,,,,,https://store.steampowered.com/app/1811390/Pacebreaker_An_Experiment_in_AIPerfected_Exercise/?snr=1_7_7_151_150_7,,0,,,-
War Yards Demo,302,,,,,,,https://store.steampowered.com/app/965630/War_Yards/?snr=1_7_7_151_150_7,,0,,,-
Paper Play VR Demo,303,,,,,,,https://store.steampowered.com/app/2601840/Paper_Play_VR/?snr=1_7_7_151_150_7,,0,,,-
Cattle 101 -  Sample Library,304,,,,,,,https://store.steampowered.com/app/1722830/Cattle_101___Sample_Library/?snr=1_7_7_151_150_7,,0,,,-
DreamCowork Beta,305,,,,,,,https://store.steampowered.com/app/1474110/DreamCowork_Beta/?snr=1_7_7_151_150_7,,0,,,-
Modbox Demo,306,,,,,,,https://store.steampowered.com/app/414120/Modbox/?snr=1_7_7_151_150_7,,0,,,-
Highline Volleyball VR Demo,307,,,,,,,https://store.steampowered.com/app/1852940/Highline_Volleyball_VR/?snr=1_7_7_151_150_7,,0,,,-
ZomDay Demo,308,,,,,,,https://store.steampowered.com/app/681390/ZomDay/?snr=1_7_7_151_150_7,,0,,,-
QuiVr Demo,309,,,,,,,https://store.steampowered.com/app/489380/QuiVr/?snr=1_7_7_151_150_7,,0,,,-
Jetpack Vacation Demo,310,,,,,,,https://store.steampowered.com/app/1293930/Jetpack_Vacation/?snr=1_7_7_151_150_7,,0,,,-
e-act Catcher for Akpala,311,,,,,,,https://store.steampowered.com/app/2344740/eact_Catcher_for_Akpala/?snr=1_7_7_151_150_7,,0,,,-
RUINWAKER VR Demo,312,,,,,,,https://store.steampowered.com/app/2181380/RUINWAKER/?snr=1_7_7_151_150_7,,0,,,-
Formula Retro Racing - World Tour Demo,313,,,,,,,https://store.steampowered.com/app/2141040/Formula_Retro_Racing__World_Tour/?snr=1_7_7_151_150_7,,0,,,-
Skiing VR Demo,314,,,,,,,https://store.steampowered.com/app/1683690/Skiing_VR/?snr=1_7_7_151_150_7,,0,,,-
Hotel R'n'R Demo,315,,,,,,,https://store.steampowered.com/app/1011290/Hotel_RnR/?snr=1_7_7_151_150_7,,0,,,-
Virtual Army: Revolution Demo,316,,,,,,,https://store.steampowered.com/app/551610/Virtual_Army_Revolution/?snr=1_7_7_151_150_7,,0,,,-
New Retro Arcade Neon Demo,317,,,,,,,https://store.steampowered.com/app/465780/New_Retro_Arcade_Neon/?snr=1_7_7_151_150_7,,0,,,-
Null G,318,,,,,,,https://store.steampowered.com/app/2204960/Null_G/?snr=1_7_7_151_150_7,,0,,,-
BlockStar VR Demo,319,,,,,,,https://store.steampowered.com/app/1781110/BlockStar_VR/?snr=1_7_7_151_150_7,,0,,,-
Block Hunter Demo,320,,,,,,,https://store.steampowered.com/app/2730240/Block_Hunter/?snr=1_7_7_151_150_7,,0,,,-
Grid Clash VR Demo,321,,,,,,,https://store.steampowered.com/app/828320/Grid_Clash_VR/?snr=1_7_7_151_150_7,,0,,,-
Warplanes: Air Corp Demo,322,,,,,,,https://store.steampowered.com/app/2583320/Warplanes_Air_Corp/?snr=1_7_7_151_150_7,,0,,,-
3XO: XXX Online Demo,323,,,,,,,https://store.steampowered.com/app/2212050/3XO_XXX_Online/?snr=1_7_7_151_150_7,,0,,,-
iB Cricket Demo,324,,,,,,,https://store.steampowered.com/app/957070/iB_Cricket/?snr=1_7_7_151_150_7,,0,,,-
Galaxy Kart VR Demo,325,,,,,,,https://store.steampowered.com/app/1401970/Galaxy_Kart_VR/?snr=1_7_7_151_150_7,,0,,,-
Touring Karts Demo,326,,,,,,,https://store.steampowered.com/app/1088950/Touring_Karts/?snr=1_7_7_151_150_7,,0,,,-
Brain Syndrome VR,327,,,,,,,https://store.steampowered.com/app/2059550/Brain_Syndrome_VR/?snr=1_7_7_151_150_7,,0,,,-
Pointy Ends Demo,328,,,,,,,https://store.steampowered.com/app/1552840/Pointy_Ends/?snr=1_7_7_151_150_7,,0,,,-
BraceUp VR Demo,329,,,,,,,https://store.steampowered.com/app/1040250/BraceUp_VR/?snr=1_7_7_151_150_7,,0,,,-
Block Buster Demo,330,,,,,,,https://store.steampowered.com/app/2508100/Block_Buster/?snr=1_7_7_151_150_7,,0,,,-
Mecha Party Demo,331,,,,,,,https://store.steampowered.com/app/2749170/Mecha_Party/?snr=1_7_7_151_150_7,,0,,,-
On Point Demo,332,,,,,,,https://store.steampowered.com/app/2296750/On_Point/?snr=1_7_7_151_150_7,,0,,,-
RFVR Demo,333,,,,,,,https://store.steampowered.com/app/1743570/RFVR/?snr=1_7_7_151_150_7,,0,,,-
Welme,334,,,,,,,https://store.steampowered.com/app/2197540/Welme/?snr=1_7_7_151_150_7,,0,,,-
Neo Art Space Demo,335,,,,,,,https://store.steampowered.com/app/1714400/Neo_Art_Space/?snr=1_7_7_151_150_7,,0,,,-
Dragon Extinction VR Demo,336,,,,,,,https://store.steampowered.com/app/1301430/Dragon_Extinction_VR/?snr=1_7_7_151_150_7,,0,,,-
Sucker Punch Demo,337,,,,,,,https://store.steampowered.com/app/1491400/Sucker_Punch_VR/?snr=1_7_7_151_150_7,,0,,,-
PowerWash Adventure PC Demo,338,,,,,,,https://store.steampowered.com/app/2589440/PowerWash_Adventure_VR/?snr=1_7_7_151_150_7,,0,,,-
Rooms of Realities Demo,339,,,,,,,https://store.steampowered.com/app/1917810/Rooms_of_Realities/?snr=1_7_7_151_150_7,,0,,,-
Hyperwheel Overdrive Demo,340,,,,,,,https://store.steampowered.com/app/1200150/Hyperwheel_Overdrive/?snr=1_7_7_151_150_7,,0,,,-
VRNOID Demo,341,,,,,,,https://store.steampowered.com/app/1488510/VRNOID/?snr=1_7_7_151_150_7,,0,,,-
Vetrix Worlds Demo,342,,,,,,,https://store.steampowered.com/app/1992860/Vetrix_Worlds/?snr=1_7_7_151_150_7,,0,,,-
Dead Shot Heroes Demo,343,,,,,,,https://store.steampowered.com/app/820480/Warriors_Of_Titus/?snr=1_7_7_151_150_7,,0,,,-
SCP: Blackout Demo,344,,,,,,,https://store.steampowered.com/app/963400/SCP_Blackout/?snr=1_7_7_151_150_7,,0,,,-
Planet LEV,345,,,,,,,https://store.steampowered.com/app/1417130/Planet_LEV/?snr=1_7_7_151_150_7,,0,,,-
Periculum Demo,346,,,,,,,https://store.steampowered.com/app/2317010/Periculum/?snr=1_7_7_151_150_7,,0,,,-
OceanCraft Demo,347,,,,,,,https://store.steampowered.com/app/1497000/OceanCraft/?snr=1_7_7_151_150_7,,0,,,-
Brain Syndrome VR Demo,348,,,,,,,https://store.steampowered.com/app/2059550/Brain_Syndrome_VR/?snr=1_7_7_151_150_7,,0,,,-
RoboDo Demo,349,,,,,,,https://store.steampowered.com/app/1277710/RoboDo/?snr=1_7_7_151_150_7,,0,,,-
Tracery of Fate Demo,350,,,,,,,https://store.steampowered.com/app/1710670/Tracery_of_Fate/?snr=1_7_7_151_150_7,,0,,,-
StarRaver,351,,,,,,,https://store.steampowered.com/app/2240690/StarRaver/?snr=1_7_7_151_150_8,,0,,,-
Treasure Tomb VR Demo,352,,,,,,,https://store.steampowered.com/app/1155950/Treasure_Tomb_VR/?snr=1_7_7_151_150_8,,0,,,-
Alien Dawn Demo,353,,,,,,,https://store.steampowered.com/app/1376580/Alien_Dawn/?snr=1_7_7_151_150_8,,0,,,-
FPV Speed Drone,354,,,,,,,https://store.steampowered.com/app/1466010/FPV_Speed_Drone/?snr=1_7_7_151_150_8,,49,,,36%
EducationXR,355,,,,,,,https://store.steampowered.com/app/1160420/EducationXR/?snr=1_7_7_151_150_8,,0,,,-
ToledoVR Demo,356,,,,,,,https://store.steampowered.com/app/557460/ToledoVR/?snr=1_7_7_151_150_8,,0,,,-
Mini Motor Racing X Demo,357,,,,,,,https://store.steampowered.com/app/1303990/Mini_Motor_Racing_X/?snr=1_7_7_151_150_8,,0,,,-
Krieg Demo,358,,,,,,,https://store.steampowered.com/app/655620/Krieg/?snr=1_7_7_151_150_8,,0,,,-
Virtu-Pilot,359,,,,,,,https://store.steampowered.com/app/2612420/VirtuPilot/?snr=1_7_7_151_150_8,,0,,,-
Smashbox Arena Demo,360,,,,,,,https://store.steampowered.com/app/530350/Smashbox_Arena/?snr=1_7_7_151_150_8,,0,,,-
Puzz/LR,361,,,,,,,https://store.steampowered.com/app/1634210/PuzzLR/?snr=1_7_7_151_150_8,,0,,,-
Rest House VR,362,,,,,,,https://store.steampowered.com/app/737790/Rest_House_VR/?snr=1_7_7_151_150_8,,0,,,-
Arobynn: Below The Surface,363,,,,,,,https://store.steampowered.com/app/2389770/Arobynn_Below_The_Surface/?snr=1_7_7_151_150_8,,0,,,-
Snow Fortress Demo,364,,,,,,,https://store.steampowered.com/app/468740/Snow_Fortress/?snr=1_7_7_151_150_8,,0,,,-
Podium Bash Demo,365,,,,,,,https://store.steampowered.com/app/726610/Podium_Bash/?snr=1_7_7_151_150_8,,0,,,-
Don't Puke!,366,,,,,,,https://store.steampowered.com/app/2789400/Dont_Puke/?snr=1_7_7_151_150_8,,0,,,-
Tractorball Demo,367,,,,,,,https://store.steampowered.com/app/683790/Tractorball/?snr=1_7_7_151_150_8,,0,,,-
Detached: Non-VR Edition Demo,368,,,,,,,https://store.steampowered.com/app/848410/Detached_NonVR_Edition/?snr=1_7_7_151_150_8,,0,,,-
Stilt Demo,369,,,,,,,https://store.steampowered.com/app/2482270/Stilt/?snr=1_7_7_151_150_8,,0,,,-
WarFire Demo,370,,,,,,,https://store.steampowered.com/app/470890/WarFire/?snr=1_7_7_151_150_8,,0,,,-
Ship It Demo,371,,,,,,,https://store.steampowered.com/app/511700/Ship_It/?snr=1_7_7_151_150_8,,0,,,-
CW: Chaco War Demo,372,,,,,,,https://store.steampowered.com/app/634810/CW_Chaco_War/?snr=1_7_7_151_150_8,,0,,,-
Arena Demo,373,,,,,,,https://store.steampowered.com/app/655200/Arena/?snr=1_7_7_151_150_8,,0,,,-
Critical Gravity Alpha Demo,374,,,,,,,https://store.steampowered.com/app/788020/Critical_Gravity/?snr=1_7_7_151_150_8,,0,,,-
HordeZ Demo,375,,,,,,,https://store.steampowered.com/app/412050/HordeZ/?snr=1_7_7_151_150_8,,0,,,-
Thick Air Demo,376,,,,,,,https://store.steampowered.com/app/525350/Thick_Air/?snr=1_7_7_151_150_8,,0,,,-
Launch Squad Demo,377,,,,,,,https://store.steampowered.com/app/523860/Launch_Squad/?snr=1_7_7_151_150_8,,0,,,-
Echo Wars - Road Rage Demo,378,,,,,,,https://store.steampowered.com/app/1921330/Echo_Wars__Road_Rage/?snr=1_7_7_151_150_8,,0,,,-
Pangman Demo,379,,,,,,,https://store.steampowered.com/app/1319320/Pangman/?snr=1_7_7_151_150_8,,0,,,-
Steam Shot Demo,380,,,,,,,https://store.steampowered.com/app/2605290/Steam_Shot/?snr=1_7_7_151_150_8,,0,,,-
FISTAGON Demo,381,,,,,,,https://store.steampowered.com/app/2593150/FISTAGON/?snr=1_7_7_151_150_8,,0,,,-
Off-Road Paradise: Trial 4x4 Demo,382,,,,,,,https://store.steampowered.com/app/556230/OffRoad_Paradise_Trial_4x4/?snr=1_7_7_151_150_8,,0,,,-
World of Virtual Reality VR Demo,383,,,,,,,https://store.steampowered.com/app/850550/World_of_Virtual_Reality_VR/?snr=1_7_7_151_150_8,,0,,,-
Warplanes: WW1 Fighters Demo,384,,,,,,,https://store.steampowered.com/app/1546500/Warplanes_WW1_Fighters/?snr=1_7_7_151_150_8,,0,,,-
3 Club Golf Demo,385,,,,,,,https://store.steampowered.com/app/1626980/3_Club_Golf/?snr=1_7_7_151_150_8,,0,,,-
Racket Fury: Table Tennis VR Demo,386,,,,,,,https://store.steampowered.com/app/555050/Racket_Fury_Table_Tennis_VR/?snr=1_7_7_151_150_8,,0,,,-
Redout Demo,387,,,,,,,https://store.steampowered.com/app/517710/Redout_Enhanced_Edition/?snr=1_7_7_151_150_8,,0,,,-
E-TECH SIMULATOR Demo,388,,,,,,,https://store.steampowered.com/app/2990240/ETECH_SIMULATOR/?snr=1_7_7_151_150_8,,0,,,-
Outmode Demo,389,,,,,,,https://store.steampowered.com/app/1860700/Outmode/?snr=1_7_7_151_150_8,,0,,,-
Spells 'n' Stuff Demo,390,,,,,,,https://store.steampowered.com/app/448880/Spells_n_Stuff/?snr=1_7_7_151_150_8,,0,,,-
Aquila Bird Flight Simulator Demo,391,,,,,,,https://store.steampowered.com/app/583530/Aquila_Bird_Flight_Simulator/?snr=1_7_7_151_150_8,,0,,,-
CyberThreat Demo,392,,,,,,,https://store.steampowered.com/app/516590/CyberThreat/?snr=1_7_7_151_150_8,,0,,,-
A House of Thieves Demo,393,,,,,,,https://store.steampowered.com/app/1506760/A_House_of_Thieves/?snr=1_7_7_151_150_8,,0,,,-
inRun Demo,394,,,,,,,https://store.steampowered.com/app/2292440/inRun/?snr=1_7_7_151_150_8,,0,,,-
Bullet Sorrow Demo,395,,,,,,,https://store.steampowered.com/app/521950/Bullet_Sorrow_VR/?snr=1_7_7_151_150_8,,0,,,-
Observatory: A VR Variety Pack Demo,396,,,,,,,https://store.steampowered.com/app/414810/Observatory_A_VR_Variety_Pack/?snr=1_7_7_151_150_8,,0,,,-
Cave Digger 2 Demo,397,,,,,,,https://store.steampowered.com/app/2392740/Cave_Digger_2/?snr=1_7_7_151_150_8,,0,,,-
Entropic Shop VR Demo,398,,,,,,,https://store.steampowered.com/app/733910/Entropic_Shop_VR/?snr=1_7_7_151_150_8,,0,,,-
Song Beater: Quite My Tempo! Demo,399,,,,,,,https://store.steampowered.com/app/1077600/Song_Beater_Quite_My_Tempo/?snr=1_7_7_151_150_8,,0,,,-
Larcenauts Spectator Mode,400,,,,,,,https://store.steampowered.com/app/2162380/Larcenauts_Spectator_Mode/?snr=1_7_7_151_150_8,,0,,,-
Tunnel Boat Terror Demo,401,,,,,,,https://store.steampowered.com/app/2100650/Tunnel_Boat_Terror/?snr=1_7_7_151_150_9,,0,,,-
Qbike: Synthwave Soundtrack,402,,,,,,,https://store.steampowered.com/app/689890/Qbike_Synthwave_Soundtrack/?snr=1_7_7_151_150_9,,0,,,-
GT:VR - Mature Content,403,,,,,,,https://store.steampowered.com/app/2292460/GTVR__Mature_Content/?snr=1_7_7_151_150_9,,0,,,-
AERO BATTLE ROYALE Demo,404,,,,,,,https://store.steampowered.com/app/3154040/AERO_BATTLE_ROYALE_Demo/?snr=1_7_7_151_150_9,,0,,,-
Escape Simulator VR Demo,405,,,,,,,https://store.steampowered.com/app/2440240/Escape_Simulator_VR/?snr=1_7_7_151_150_9,,0,,,-