Application Name,Order Number,Main page,Accessible,Social,HMD,origin,Store,Store URL,Price,Number of Reviews,focus,count,Rating
VRChat,1,https://store.steampowered.com/app/438100/VRChat/?snr=1_7_7_151_150_1,,Yes,,steam_query_data_metaverse,Steam,https://store.steampowered.com/app/438100/VRChat/?snr=1_7_7_151_150_1,,223788,,,74%
Metaverse Construction Kit,2,https://store.steampowered.com/app/422630/Metaverse_Construction_Kit/?snr=1_7_7_151_150_1,,No,,steam_query_data_metaverse,Steam,https://store.steampowered.com/app/422630/Metaverse_Construction_Kit/?snr=1_7_7_151_150_1,,226,,,67%
MalovMetaArt Metaverse,3,https://store.steampowered.com/app/2224020/MalovMetaArt_Metaverse/?snr=1_7_7_151_150_1,,No,,steam_query_data_metaverse,Steam,https://store.steampowered.com/app/2224020/MalovMetaArt_Metaverse/?snr=1_7_7_151_150_1,,27,,,81%
SIX 3D: Metaverse,4,https://store.steampowered.com/app/2177350/SIX_3D_Metaverse/?snr=1_7_7_151_150_1,,Yes,,steam_query_data_metaverse,Steam,https://store.steampowered.com/app/2177350/SIX_3D_Metaverse/?snr=1_7_7_151_150_1,,0,,,-
Metaverse Keeper Demo,5,https://store.steampowered.com/app/698870/Metaverse_Keeper/?snr=1_7_7_151_150_1,,No,,steam_query_data_metaverse,Steam,https://store.steampowered.com/app/698870/Metaverse_Keeper/?snr=1_7_7_151_150_1,,0,,,-
A Land: Dubai Metaverse Demo,6,https://store.steampowered.com/app/2186510/A_Land_Dubai_Metaverse/?snr=1_7_7_151_150_1,,Yes,,steam_query_data_metaverse,Steam,https://store.steampowered.com/app/2186510/A_Land_Dubai_Metaverse/?snr=1_7_7_151_150_1,,0,,,-
Star Renegades: Guardian of the Metaverse,7,https://store.steampowered.com/app/1677780/Star_Renegades_Guardian_of_the_Metaverse/?snr=1_7_7_151_150_1,,No,,steam_query_data_metaverse,Steam,https://store.steampowered.com/app/1677780/Star_Renegades_Guardian_of_the_Metaverse/?snr=1_7_7_151_150_1,,0,,,-
ChilloutVR,8,https://store.steampowered.com/app/661130/ChilloutVR/?snr=1_7_7_151_150_1,,Yes,,steam_query_data_metaverse,Steam,https://store.steampowered.com/app/661130/ChilloutVR/?snr=1_7_7_151_150_1,,2332,,,81%
Hyper Online: Avatar VTuber Studio,9,https://store.steampowered.com/app/2828790/Hyper_Online_Avatar_VTuber_Studio/?snr=1_7_7_151_150_1,,No,,steam_query_data_metaverse,Steam,https://store.steampowered.com/app/2828790/Hyper_Online_Avatar_VTuber_Studio/?snr=1_7_7_151_150_1,,49,,,53%
WWII Online,10,https://store.steampowered.com/app/251950/WWII_Online/?snr=1_7_7_151_150_1,,No,,steam_query_data_metaverse,Steam,https://store.steampowered.com/app/251950/WWII_Online/?snr=1_7_7_151_150_1,,3638,,,49%
VirtualCast,11,https://store.steampowered.com/app/947890/VirtualCast/?snr=1_7_7_151_150_1,,Yes,,steam_query_data_metaverse,Steam,https://store.steampowered.com/app/947890/VirtualCast/?snr=1_7_7_151_150_1,,99,,,78%
MagicCraft,12,https://store.steampowered.com/app/2395760/MagicCraft/?snr=1_7_7_151_150_1,,No,,steam_query_data_metaverse,Steam,https://store.steampowered.com/app/2395760/MagicCraft/?snr=1_7_7_151_150_1,,67,,,76%
Nero Score - PC benchmark & performance test,13,https://store.steampowered.com/app/1942030/Nero_Score__PC_benchmark__performance_test/?snr=1_7_7_151_150_1,,No,,steam_query_data_metaverse,Steam,https://store.steampowered.com/app/1942030/Nero_Score__PC_benchmark__performance_test/?snr=1_7_7_151_150_1,,19,,,52%
BackRooms,14,https://store.steampowered.com/app/1906190/BackRooms/?snr=1_7_7_151_150_1,,No,,steam_query_data_metaverse,Steam,https://store.steampowered.com/app/1906190/BackRooms/?snr=1_7_7_151_150_1,,0,,,-
ENGAGE,15,https://store.steampowered.com/app/449130/ENGAGE/?snr=1_7_7_151_150_1,,Yes,,steam_query_data_metaverse,Steam,https://store.steampowered.com/app/449130/ENGAGE/?snr=1_7_7_151_150_1,,76,,,82%
KoreanWarMemorial,16,https://store.steampowered.com/app/2252190/KoreanWarMemorial/?snr=1_7_7_151_150_1,,No,,steam_query_data_metaverse,Steam,https://store.steampowered.com/app/2252190/KoreanWarMemorial/?snr=1_7_7_151_150_1,,17,,,82%
Planet-A,17,https://store.steampowered.com/app/1918590/PlanetA/?snr=1_7_7_151_150_1,,No,,steam_query_data_metaverse,Steam,https://store.steampowered.com/app/1918590/PlanetA/?snr=1_7_7_151_150_1,,12,,,83%
Soundscape VR: 2017,18,https://store.steampowered.com/app/636930/Soundscape_VR_2017/?snr=1_7_7_151_150_1,,Yes,,steam_query_data_metaverse,Steam,https://store.steampowered.com/app/636930/Soundscape_VR_2017/?snr=1_7_7_151_150_1,,110,,,70%
VRROOM,19,https://store.steampowered.com/app/2166320/VRROOM/?snr=1_7_7_151_150_1,,Yes,,steam_query_data_metaverse,Steam,https://store.steampowered.com/app/2166320/VRROOM/?snr=1_7_7_151_150_1,,17,,,41%
Endless Battlefield,20,https://store.steampowered.com/app/1795880/Endless_Battlefield/?snr=1_7_7_151_150_1,,No,,steam_query_data_metaverse,Steam,https://store.steampowered.com/app/1795880/Endless_Battlefield/?snr=1_7_7_151_150_1,,55,,,43%
CGI™: The Game,21,https://store.steampowered.com/app/2251930/CGI_The_Game/?snr=1_7_7_151_150_1,,No,,steam_query_data_metaverse,Steam,https://store.steampowered.com/app/2251930/CGI_The_Game/?snr=1_7_7_151_150_1,,11,,,81%
Ashes Of Idunn: Tales Of Fimbulwinter,22,https://store.steampowered.com/app/2997410/Ashes_Of_Idunn_Tales_Of_Fimbulwinter/?snr=1_7_7_151_150_1,,No,,steam_query_data_metaverse,Steam,https://store.steampowered.com/app/2997410/Ashes_Of_Idunn_Tales_Of_Fimbulwinter/?snr=1_7_7_151_150_1,,18,,,66%
The Vortex,23,https://store.steampowered.com/app/1852490/The_Vortex/?snr=1_7_7_151_150_1,,Yes,,steam_query_data_metaverse,Steam,https://store.steampowered.com/app/1852490/The_Vortex/?snr=1_7_7_151_150_1,,11,,,90%
Sensorium Galaxy,24,https://store.steampowered.com/app/1803610/Sensorium_Galaxy/?snr=1_7_7_151_150_1,,Yes,,steam_query_data_metaverse,Steam,https://store.steampowered.com/app/1803610/Sensorium_Galaxy/?snr=1_7_7_151_150_1,,18,,,50%
"Medicalholodeck. Anatomy, Medical Imaging (DICOM), and Automatic Segmentation in VR and AR. For Medical Education and Professionals.",25,https://store.steampowered.com/app/754010/Medicalholodeck_Anatomy_Medical_Imaging_DICOM_and_Automatic_Segmentation_in_VR_and_AR_For_Medical_Education_and_Professionals/?snr=1_7_7_151_150_1,,No,,steam_query_data_metaverse,Steam,https://store.steampowered.com/app/754010/Medicalholodeck_Anatomy_Medical_Imaging_DICOM_and_Automatic_Segmentation_in_VR_and_AR_For_Medical_Education_and_Professionals/?snr=1_7_7_151_150_1,,53,,,75%
canVERSE,26,https://store.steampowered.com/app/1710720/canVERSE/?snr=1_7_7_151_150_1,,,,steam_query_data_metaverse,Steam,https://store.steampowered.com/app/1710720/canVERSE/?snr=1_7_7_151_150_1,,25,,,68%
Parts Unknown,27,https://store.steampowered.com/app/2255760/Parts_Unknown/?snr=1_7_7_151_150_1,,No,,steam_query_data_metaverse,Steam,https://store.steampowered.com/app/2255760/Parts_Unknown/?snr=1_7_7_151_150_1,,15,,,53%
ChilloutVR - Mature Content Access,28,https://store.steampowered.com/app/1435530/ChilloutVR__Mature_Content_Access/?snr=1_7_7_151_150_1,,Yes,,steam_query_data_metaverse,Steam,https://store.steampowered.com/app/1435530/ChilloutVR__Mature_Content_Access/?snr=1_7_7_151_150_1,,103,,,97%
Neos VR,29,https://store.steampowered.com/app/740250/Neos_VR/?snr=1_7_7_151_150_1,,Yes,,steam_query_data_metaverse,Steam,https://store.steampowered.com/app/740250/Neos_VR/?snr=1_7_7_151_150_1,,2246,,,54%
Curatours,30,https://store.steampowered.com/app/1532110/Curatours/?snr=1_7_7_151_150_1,,No,,steam_query_data_metaverse,Steam,https://store.steampowered.com/app/1532110/Curatours/?snr=1_7_7_151_150_1,,14,,,92%
Modules,31,https://store.steampowered.com/app/2266160/Modules/?snr=1_7_7_151_150_1,,No,,steam_query_data_metaverse,Steam,https://store.steampowered.com/app/2266160/Modules/?snr=1_7_7_151_150_1,,47,,,82%
Riff XR,32,https://store.steampowered.com/app/2182790/Riff_XR/?snr=1_7_7_151_150_1,,,,steam_query_data_metaverse,Steam,https://store.steampowered.com/app/2182790/Riff_XR/?snr=1_7_7_151_150_1,,124,,,67%
Sansar,33,https://store.steampowered.com/app/586110/Sansar/?snr=1_7_7_151_150_1,,Yes,,steam_query_data_metaverse,Steam,https://store.steampowered.com/app/586110/Sansar/?snr=1_7_7_151_150_1,,615,,,52%
Undefeated Samurai,34,https://store.steampowered.com/app/1795030/Undefeated_Samurai/?snr=1_7_7_151_150_1,,No,,steam_query_data_metaverse,Steam,https://store.steampowered.com/app/1795030/Undefeated_Samurai/?snr=1_7_7_151_150_1,,0,,,-
Pararea--Social VR for Everyone (Beta),35,https://store.steampowered.com/app/671310/ParareaSocial_VR_for_Everyone_Beta/?snr=1_7_7_151_150_1,,Yes,,steam_query_data_metaverse,Steam,https://store.steampowered.com/app/671310/ParareaSocial_VR_for_Everyone_Beta/?snr=1_7_7_151_150_1,,41,,,56%
Anarchy Arcade,36,https://store.steampowered.com/app/266430/Anarchy_Arcade/?snr=1_7_7_151_150_1,,No,,steam_query_data_metaverse,Steam,https://store.steampowered.com/app/266430/Anarchy_Arcade/?snr=1_7_7_151_150_1,,2216,,,68%
大千 VAST,37,https://store.steampowered.com/app/2562450/_VAST/?snr=1_7_7_151_150_1,,Yes,,steam_query_data_metaverse,Steam,https://store.steampowered.com/app/2562450/_VAST/?snr=1_7_7_151_150_1,,0,,,-
Metaisland,38,https://store.steampowered.com/app/1782180/Metaisland/?snr=1_7_7_151_150_1,,,,steam_query_data_metaverse,Steam,https://store.steampowered.com/app/1782180/Metaisland/?snr=1_7_7_151_150_1,,0,,,-
Unreal Kingdoms,39,https://store.steampowered.com/app/2691250/Unreal_Kingdoms/?snr=1_7_7_151_150_1,,,,steam_query_data_metaverse,Steam,https://store.steampowered.com/app/2691250/Unreal_Kingdoms/?snr=1_7_7_151_150_1,,0,,,-
Devas Vs Asuras,40,https://store.steampowered.com/app/2678790/Devas_Vs_Asuras/?snr=1_7_7_151_150_1,,No,,steam_query_data_metaverse,Steam,https://store.steampowered.com/app/2678790/Devas_Vs_Asuras/?snr=1_7_7_151_150_1,,0,,,-
Angelic: The Chaos Theatre,41,https://store.steampowered.com/app/1440570/Angelic_The_Chaos_Theatre/?snr=1_7_7_151_150_1,,No,,steam_query_data_metaverse,Steam,https://store.steampowered.com/app/1440570/Angelic_The_Chaos_Theatre/?snr=1_7_7_151_150_1,,0,,,-
Animals,42,https://store.steampowered.com/app/3103760/Animals/?snr=1_7_7_151_150_1,,No,,steam_query_data_metaverse,Steam,https://store.steampowered.com/app/3103760/Animals/?snr=1_7_7_151_150_1,,0,,,-
Party Park Demo,43,https://store.steampowered.com/app/2168430/Party_Park/?snr=1_7_7_151_150_1,,No,,steam_query_data_metaverse,Steam,https://store.steampowered.com/app/2168430/Party_Park/?snr=1_7_7_151_150_1,,0,,,-
Many Worlds VR,44,https://store.steampowered.com/app/1496000/Many_Worlds_VR/?snr=1_7_7_151_150_1,,Yes,,steam_query_data_metaverse,Steam,https://store.steampowered.com/app/1496000/Many_Worlds_VR/?snr=1_7_7_151_150_1,,0,,,-
WoofChat,45,https://store.steampowered.com/app/2518520/WoofChat/?snr=1_7_7_151_150_1,,No,,steam_query_data_metaverse,Steam,https://store.steampowered.com/app/2518520/WoofChat/?snr=1_7_7_151_150_1,,0,,,-
MEs,46,https://store.steampowered.com/app/2361710/MEs/?snr=1_7_7_151_150_1,,Yes,,steam_query_data_metaverse,Steam,https://store.steampowered.com/app/2361710/MEs/?snr=1_7_7_151_150_1,,0,,,-
MageCosmos,47,https://store.steampowered.com/app/1617080/MageCosmos/?snr=1_7_7_151_150_1,,Yes,,steam_query_data_metaverse,Steam,https://store.steampowered.com/app/1617080/MageCosmos/?snr=1_7_7_151_150_1,,0,,,-
ToyPark - physics-based social VR platform,48,https://store.steampowered.com/app/1723460/ToyPark__physicsbased_social_VR_platform/?snr=1_7_7_151_150_1,,Yes,,steam_query_data_metaverse,Steam,https://store.steampowered.com/app/1723460/ToyPark__physicsbased_social_VR_platform/?snr=1_7_7_151_150_1,,0,,,-
Scenez,49,https://store.steampowered.com/app/2154520/Scenez/?snr=1_7_7_151_150_1,,Yes,,steam_query_data_metaverse,Steam,https://store.steampowered.com/app/2154520/Scenez/?snr=1_7_7_151_150_1,,0,,,-
Angelic: The Chaos Theatre Open Alpha,50,https://store.steampowered.com/app/1440570/Angelic_The_Chaos_Theatre/?snr=1_7_7_151_150_1,,No,,steam_query_data_metaverse,Steam,https://store.steampowered.com/app/1440570/Angelic_The_Chaos_Theatre/?snr=1_7_7_151_150_1,,0,,,-
Spherum 3D,51,https://store.steampowered.com/app/2223230/Spherum_3D/?snr=1_7_7_151_150_2,,Yes,,steam_query_data_metaverse,Steam,https://store.steampowered.com/app/2223230/Spherum_3D/?snr=1_7_7_151_150_2,,0,,,-
Parts Unknown 2024,52,https://store.steampowered.com/app/2822630/Parts_Unknown_2024/?snr=1_7_7_151_150_2,,No,,steam_query_data_metaverse,Steam,https://store.steampowered.com/app/2822630/Parts_Unknown_2024/?snr=1_7_7_151_150_2,,0,,,-
Death Damnation Demo,53,https://store.steampowered.com/app/1915450/Death_Damnation__Zombies_Ghosts_and_Vampires/?snr=1_7_7_151_150_2,,No,,steam_query_data_metaverse,Steam,https://store.steampowered.com/app/1915450/Death_Damnation__Zombies_Ghosts_and_Vampires/?snr=1_7_7_151_150_2,,0,,,-
Disco Samurai Demo,54,https://store.steampowered.com/app/2576410/Disco_Samurai/?snr=1_7_7_151_150_2,,No,,steam_query_data_metaverse,Steam,https://store.steampowered.com/app/2576410/Disco_Samurai/?snr=1_7_7_151_150_2,,0,,,-
Press Lex to Metaverx Demo,55,https://store.steampowered.com/app/2091740/Press_Lex_to_Metaverx/?snr=1_7_7_151_150_2,,No,,steam_query_data_metaverse,Steam,https://store.steampowered.com/app/2091740/Press_Lex_to_Metaverx/?snr=1_7_7_151_150_2,,0,,,-
NeverRage Demo,56,https://store.steampowered.com/app/1761730/NeverRage/?snr=1_7_7_151_150_2,,No,,steam_query_data_metaverse,Steam,https://store.steampowered.com/app/1761730/NeverRage/?snr=1_7_7_151_150_2,,0,,,-
Cloud House - Virtual Arts Space,57,https://store.steampowered.com/app/2206960/Cloud_House__Virtual_Arts_Space/?snr=1_7_7_151_150_2,,No,,steam_query_data_metaverse,Steam,https://store.steampowered.com/app/2206960/Cloud_House__Virtual_Arts_Space/?snr=1_7_7_151_150_2,,0,,,-
3XO: XXX Online Demo,58,https://store.steampowered.com/app/2212050/3XO_XXX_Online/?snr=1_7_7_151_150_2,,Yes,,steam_query_data_metaverse,Steam,https://store.steampowered.com/app/2212050/3XO_XXX_Online/?snr=1_7_7_151_150_2,,0,,,-
Sultan Of Egypt Trailer Demo,59,https://store.steampowered.com/app/1911200/Sultan_Of_Egypt/?snr=1_7_7_151_150_2,,No,,steam_query_data_metaverse,Steam,https://store.steampowered.com/app/1911200/Sultan_Of_Egypt/?snr=1_7_7_151_150_2,,0,,,-
Mist Slayer Demo,60,https://store.steampowered.com/app/2088650/Mist_Slayer/?snr=1_7_7_151_150_2,,No,,steam_query_data_metaverse,Steam,https://store.steampowered.com/app/2088650/Mist_Slayer/?snr=1_7_7_151_150_2,,0,,,-